id,n_out_of_range_features,has_out_of_range,pct_features_out_of_range
87309e000ffffff,2,True,0.017543859649122806
87309e001ffffff,4,True,0.03508771929824561
87309e002ffffff,1,True,0.008771929824561403
87309e003ffffff,0,False,0.0
87309e004ffffff,7,True,0.06140350877192982
87309e005ffffff,0,False,0.0
87309e006ffffff,2,True,0.017543859649122806
87309e008ffffff,0,False,0.0
87309e009ffffff,1,True,0.008771929824561403
87309e00affffff,0,False,0.0
87309e00bffffff,2,True,0.017543859649122806
87309e00cffffff,1,True,0.008771929824561403
87309e00dffffff,0,False,0.0
87309e00effffff,0,False,0.0
87309e010ffffff,2,True,0.017543859649122806
87309e011ffffff,0,False,0.0
87309e012ffffff,6,True,0.05263157894736842
87309e013ffffff,3,True,0.02631578947368421
87309e014ffffff,18,True,0.15789473684210525
87309e015ffffff,5,True,0.043859649122807015
87309e016ffffff,5,True,0.043859649122807015
87309e018ffffff,5,True,0.043859649122807015
87309e019ffffff,0,False,0.0
87309e01affffff,0,False,0.0
87309e01bffffff,0,False,0.0
87309e01cffffff,0,False,0.0
87309e01dffffff,3,True,0.02631578947368421
87309e01effffff,3,True,0.02631578947368421
87309e020ffffff,1,True,0.008771929824561403
87309e021ffffff,0,False,0.0
87309e022ffffff,3,True,0.02631578947368421
87309e023ffffff,4,True,0.03508771929824561
87309e024ffffff,0,False,0.0
87309e025ffffff,5,True,0.043859649122807015
87309e026ffffff,1,True,0.008771929824561403
87309e028ffffff,0,False,0.0
87309e029ffffff,0,False,0.0
87309e02affffff,1,True,0.008771929824561403
87309e02bffffff,3,True,0.02631578947368421
87309e02cffffff,1,True,0.008771929824561403
87309e02dffffff,0,False,0.0
87309e02effffff,1,True,0.008771929824561403
87309e030ffffff,4,True,0.03508771929824561
87309e031ffffff,4,True,0.03508771929824561
87309e032ffffff,9,True,0.07894736842105263
87309e033ffffff,18,True,0.15789473684210525
87309e034ffffff,3,True,0.02631578947368421
87309e035ffffff,5,True,0.043859649122807015
87309e036ffffff,0,False,0.0
87309e040ffffff,21,True,0.18421052631578946
87309e041ffffff,9,True,0.07894736842105263
87309e042ffffff,24,True,0.21052631578947367
87309e043ffffff,28,True,0.24561403508771928
87309e044ffffff,7,True,0.06140350877192982
87309e045ffffff,12,True,0.10526315789473684
87309e046ffffff,16,True,0.14035087719298245
87309e048ffffff,10,True,0.08771929824561403
87309e049ffffff,0,False,0.0
87309e04affffff,8,True,0.07017543859649122
87309e04bffffff,0,False,0.0
87309e04cffffff,6,True,0.05263157894736842
87309e04dffffff,9,True,0.07894736842105263
87309e04effffff,11,True,0.09649122807017543
87309e050ffffff,8,True,0.07017543859649122
87309e051ffffff,11,True,0.09649122807017543
87309e052ffffff,10,True,0.08771929824561403
87309e053ffffff,1,True,0.008771929824561403
87309e054ffffff,7,True,0.06140350877192982
87309e055ffffff,9,True,0.07894736842105263
87309e056ffffff,5,True,0.043859649122807015
87309e058ffffff,6,True,0.05263157894736842
87309e059ffffff,3,True,0.02631578947368421
87309e05affffff,0,False,0.0
87309e05bffffff,5,True,0.043859649122807015
87309e05cffffff,17,True,0.14912280701754385
87309e05dffffff,8,True,0.07017543859649122
87309e05effffff,3,True,0.02631578947368421
87309e060ffffff,2,True,0.017543859649122806
87309e061ffffff,3,True,0.02631578947368421
87309e062ffffff,3,True,0.02631578947368421
87309e063ffffff,8,True,0.07017543859649122
87309e064ffffff,31,True,0.2719298245614035
87309e065ffffff,22,True,0.19298245614035087
87309e066ffffff,9,True,0.07894736842105263
87309e068ffffff,3,True,0.02631578947368421
87309e069ffffff,3,True,0.02631578947368421
87309e06affffff,5,True,0.043859649122807015
87309e06bffffff,2,True,0.017543859649122806
87309e06cffffff,3,True,0.02631578947368421
87309e06dffffff,13,True,0.11403508771929824
87309e06effffff,4,True,0.03508771929824561
87309e070ffffff,0,False,0.0
87309e071ffffff,5,True,0.043859649122807015
87309e072ffffff,1,True,0.008771929824561403
87309e073ffffff,4,True,0.03508771929824561
87309e074ffffff,0,False,0.0
87309e075ffffff,0,False,0.0
87309e076ffffff,1,True,0.008771929824561403
87309e080ffffff,1,True,0.008771929824561403
87309e082ffffff,0,False,0.0
87309e084ffffff,1,True,0.008771929824561403
87309e085ffffff,1,True,0.008771929824561403
87309e086ffffff,0,False,0.0
87309e090ffffff,1,True,0.008771929824561403
87309e094ffffff,0,False,0.0
87309e095ffffff,1,True,0.008771929824561403
87309e096ffffff,0,False,0.0
87309e0a0ffffff,1,True,0.008771929824561403
87309e0a1ffffff,2,True,0.017543859649122806
87309e0a2ffffff,2,True,0.017543859649122806
87309e0a3ffffff,0,False,0.0
87309e0a4ffffff,1,True,0.008771929824561403
87309e0a5ffffff,1,True,0.008771929824561403
87309e0a6ffffff,4,True,0.03508771929824561
87309e0a8ffffff,0,False,0.0
87309e0a9ffffff,0,False,0.0
87309e0aaffffff,0,False,0.0
87309e0abffffff,0,False,0.0
87309e0acffffff,3,True,0.02631578947368421
87309e0adffffff,1,True,0.008771929824561403
87309e0aeffffff,0,False,0.0
87309e0b0ffffff,0,False,0.0
87309e0b1ffffff,3,True,0.02631578947368421
87309e0b2ffffff,0,False,0.0
87309e0b3ffffff,2,True,0.017543859649122806
87309e0b4ffffff,4,True,0.03508771929824561
87309e0b5ffffff,14,True,0.12280701754385964
87309e0b6ffffff,0,False,0.0
87309e0c1ffffff,0,False,0.0
87309e0c5ffffff,0,False,0.0
87309e0e0ffffff,5,True,0.043859649122807015
87309e0e1ffffff,2,True,0.017543859649122806
87309e0e2ffffff,3,True,0.02631578947368421
87309e0e3ffffff,0,False,0.0
87309e0e4ffffff,4,True,0.03508771929824561
87309e0e5ffffff,5,True,0.043859649122807015
87309e0e6ffffff,3,True,0.02631578947368421
87309e0e8ffffff,0,False,0.0
87309e0e9ffffff,1,True,0.008771929824561403
87309e0eaffffff,0,False,0.0
87309e0ebffffff,0,False,0.0
87309e0ecffffff,4,True,0.03508771929824561
87309e0edffffff,1,True,0.008771929824561403
87309e0eeffffff,1,True,0.008771929824561403
87309e0f4ffffff,5,True,0.043859649122807015
87309e0f5ffffff,4,True,0.03508771929824561
87309e0f6ffffff,2,True,0.017543859649122806
87309e100ffffff,6,True,0.05263157894736842
87309e101ffffff,2,True,0.017543859649122806
87309e102ffffff,0,False,0.0
87309e103ffffff,0,False,0.0
87309e104ffffff,0,False,0.0
87309e105ffffff,1,True,0.008771929824561403
87309e106ffffff,5,True,0.043859649122807015
87309e108ffffff,4,True,0.03508771929824561
87309e109ffffff,1,True,0.008771929824561403
87309e10affffff,3,True,0.02631578947368421
87309e10bffffff,1,True,0.008771929824561403
87309e10cffffff,2,True,0.017543859649122806
87309e10dffffff,12,True,0.10526315789473684
87309e10effffff,0,False,0.0
87309e110ffffff,0,False,0.0
87309e111ffffff,4,True,0.03508771929824561
87309e112ffffff,1,True,0.008771929824561403
87309e113ffffff,0,False,0.0
87309e114ffffff,0,False,0.0
87309e115ffffff,0,False,0.0
87309e116ffffff,1,True,0.008771929824561403
87309e118ffffff,1,True,0.008771929824561403
87309e119ffffff,7,True,0.06140350877192982
87309e11affffff,2,True,0.017543859649122806
87309e11bffffff,0,False,0.0
87309e11cffffff,2,True,0.017543859649122806
87309e11dffffff,1,True,0.008771929824561403
87309e11effffff,1,True,0.008771929824561403
87309e121ffffff,0,False,0.0
87309e122ffffff,0,False,0.0
87309e123ffffff,3,True,0.02631578947368421
87309e128ffffff,2,True,0.017543859649122806
87309e129ffffff,0,False,0.0
87309e12affffff,2,True,0.017543859649122806
87309e12bffffff,2,True,0.017543859649122806
87309e12cffffff,3,True,0.02631578947368421
87309e12dffffff,1,True,0.008771929824561403
87309e12effffff,5,True,0.043859649122807015
87309e131ffffff,2,True,0.017543859649122806
87309e133ffffff,1,True,0.008771929824561403
87309e140ffffff,0,False,0.0
87309e141ffffff,4,True,0.03508771929824561
87309e142ffffff,4,True,0.03508771929824561
87309e143ffffff,11,True,0.09649122807017543
87309e144ffffff,3,True,0.02631578947368421
87309e145ffffff,4,True,0.03508771929824561
87309e146ffffff,0,False,0.0
87309e148ffffff,15,True,0.13157894736842105
87309e149ffffff,29,True,0.2543859649122807
87309e14affffff,18,True,0.15789473684210525
87309e14bffffff,30,True,0.2631578947368421
87309e14cffffff,11,True,0.09649122807017543
87309e14dffffff,16,True,0.14035087719298245
87309e14effffff,2,True,0.017543859649122806
87309e150ffffff,5,True,0.043859649122807015
87309e151ffffff,3,True,0.02631578947368421
87309e152ffffff,5,True,0.043859649122807015
87309e153ffffff,0,False,0.0
87309e154ffffff,2,True,0.017543859649122806
87309e155ffffff,4,True,0.03508771929824561
87309e156ffffff,2,True,0.017543859649122806
87309e158ffffff,2,True,0.017543859649122806
87309e159ffffff,8,True,0.07017543859649122
87309e15affffff,0,False,0.0
87309e15bffffff,2,True,0.017543859649122806
87309e15cffffff,6,True,0.05263157894736842
87309e15dffffff,5,True,0.043859649122807015
87309e15effffff,3,True,0.02631578947368421
87309e160ffffff,1,True,0.008771929824561403
87309e161ffffff,1,True,0.008771929824561403
87309e162ffffff,3,True,0.02631578947368421
87309e163ffffff,1,True,0.008771929824561403
87309e164ffffff,3,True,0.02631578947368421
87309e165ffffff,1,True,0.008771929824561403
87309e166ffffff,5,True,0.043859649122807015
87309e168ffffff,1,True,0.008771929824561403
87309e169ffffff,1,True,0.008771929824561403
87309e16affffff,5,True,0.043859649122807015
87309e16bffffff,7,True,0.06140350877192982
87309e16cffffff,9,True,0.07894736842105263
87309e16dffffff,3,True,0.02631578947368421
87309e16effffff,5,True,0.043859649122807015
87309e170ffffff,3,True,0.02631578947368421
87309e171ffffff,6,True,0.05263157894736842
87309e172ffffff,12,True,0.10526315789473684
87309e173ffffff,3,True,0.02631578947368421
87309e174ffffff,0,False,0.0
87309e175ffffff,2,True,0.017543859649122806
87309e176ffffff,8,True,0.07017543859649122
87309e180ffffff,2,True,0.017543859649122806
87309e181ffffff,3,True,0.02631578947368421
87309e182ffffff,0,False,0.0
87309e183ffffff,2,True,0.017543859649122806
87309e185ffffff,1,True,0.008771929824561403
87309e188ffffff,1,True,0.008771929824561403
87309e189ffffff,6,True,0.05263157894736842
87309e18affffff,3,True,0.02631578947368421
87309e18bffffff,1,True,0.008771929824561403
87309e18cffffff,2,True,0.017543859649122806
87309e18dffffff,1,True,0.008771929824561403
87309e18effffff,2,True,0.017543859649122806
87309e198ffffff,0,False,0.0
87309e199ffffff,0,False,0.0
87309e19bffffff,5,True,0.043859649122807015
87309e19cffffff,0,False,0.0
87309e19dffffff,0,False,0.0
87309e1a1ffffff,0,False,0.0
87309e1a3ffffff,1,True,0.008771929824561403
87309e1a8ffffff,0,False,0.0
87309e1a9ffffff,1,True,0.008771929824561403
87309e1aaffffff,5,True,0.043859649122807015
87309e1abffffff,8,True,0.07017543859649122
87309e1acffffff,6,True,0.05263157894736842
87309e1adffffff,0,False,0.0
87309e1aeffffff,5,True,0.043859649122807015
87309e300ffffff,0,False,0.0
87309e301ffffff,0,False,0.0
87309e302ffffff,0,False,0.0
87309e303ffffff,0,False,0.0
87309e304ffffff,0,False,0.0
87309e305ffffff,0,False,0.0
87309e306ffffff,0,False,0.0
87309e308ffffff,0,False,0.0
87309e309ffffff,0,False,0.0
87309e30affffff,0,False,0.0
87309e30cffffff,0,False,0.0
87309e30dffffff,0,False,0.0
87309e30effffff,0,False,0.0
87309e310ffffff,0,False,0.0
87309e311ffffff,0,False,0.0
87309e312ffffff,0,False,0.0
87309e313ffffff,0,False,0.0
87309e314ffffff,0,False,0.0
87309e315ffffff,0,False,0.0
87309e316ffffff,0,False,0.0
87309e318ffffff,0,False,0.0
87309e31cffffff,0,False,0.0
87309e31dffffff,0,False,0.0
87309e31effffff,0,False,0.0
87309e320ffffff,0,False,0.0
87309e321ffffff,0,False,0.0
87309e322ffffff,0,False,0.0
87309e323ffffff,0,False,0.0
87309e324ffffff,4,True,0.03508771929824561
87309e325ffffff,0,False,0.0
87309e326ffffff,5,True,0.043859649122807015
87309e328ffffff,0,False,0.0
87309e329ffffff,0,False,0.0
87309e32affffff,0,False,0.0
87309e32bffffff,0,False,0.0
87309e32cffffff,0,False,0.0
87309e32dffffff,0,False,0.0
87309e32effffff,0,False,0.0
87309e330ffffff,0,False,0.0
87309e331ffffff,0,False,0.0
87309e332ffffff,0,False,0.0
87309e333ffffff,0,False,0.0
87309e334ffffff,12,True,0.10526315789473684
87309e335ffffff,0,False,0.0
87309e336ffffff,5,True,0.043859649122807015
87309e370ffffff,0,False,0.0
87309e371ffffff,0,False,0.0
87309e372ffffff,0,False,0.0
87309e373ffffff,0,False,0.0
87309e374ffffff,0,False,0.0
87309e375ffffff,0,False,0.0
87309e376ffffff,0,False,0.0
87309e3a0ffffff,1,True,0.008771929824561403
87309e3a1ffffff,0,False,0.0
87309e3a2ffffff,6,True,0.05263157894736842
87309e3a3ffffff,0,False,0.0
87309e3a4ffffff,0,False,0.0
87309e3a5ffffff,0,False,0.0
87309e3a6ffffff,6,True,0.05263157894736842
87309e3acffffff,0,False,0.0
87309e3b0ffffff,0,False,0.0
87309e3b1ffffff,0,False,0.0
87309e3b4ffffff,2,True,0.017543859649122806
87309e3b5ffffff,2,True,0.017543859649122806
87309e3b6ffffff,0,False,0.0
87309e56bffffff,0,False,0.0
87309e850ffffff,1,True,0.008771929824561403
87309e851ffffff,4,True,0.03508771929824561
87309e852ffffff,0,False,0.0
87309e853ffffff,3,True,0.02631578947368421
87309e855ffffff,1,True,0.008771929824561403
87309e85affffff,1,True,0.008771929824561403
87309e85effffff,3,True,0.02631578947368421
87309e8c0ffffff,2,True,0.017543859649122806
87309e8c1ffffff,2,True,0.017543859649122806
87309e8c2ffffff,3,True,0.02631578947368421
87309e8c3ffffff,0,False,0.0
87309e8c4ffffff,5,True,0.043859649122807015
87309e8c5ffffff,10,True,0.08771929824561403
87309e8c6ffffff,3,True,0.02631578947368421
87309e8c8ffffff,4,True,0.03508771929824561
87309e8c9ffffff,23,True,0.20175438596491227
87309e8caffffff,3,True,0.02631578947368421
87309e8cbffffff,3,True,0.02631578947368421
87309e8ccffffff,1,True,0.008771929824561403
87309e8cdffffff,6,True,0.05263157894736842
87309e8ceffffff,5,True,0.043859649122807015
87309e8d0ffffff,11,True,0.09649122807017543
87309e8d1ffffff,2,True,0.017543859649122806
87309e8d2ffffff,0,False,0.0
87309e8d3ffffff,0,False,0.0
87309e8d4ffffff,1,True,0.008771929824561403
87309e8d5ffffff,2,True,0.017543859649122806
87309e8d6ffffff,3,True,0.02631578947368421
87309e8d8ffffff,2,True,0.017543859649122806
87309e8d9ffffff,2,True,0.017543859649122806
87309e8daffffff,1,True,0.008771929824561403
87309e8dbffffff,1,True,0.008771929824561403
87309e8dcffffff,1,True,0.008771929824561403
87309e8ddffffff,1,True,0.008771929824561403
87309e8deffffff,1,True,0.008771929824561403
87309e8e0ffffff,0,False,0.0
87309e8e1ffffff,0,False,0.0
87309e8e2ffffff,0,False,0.0
87309e8e3ffffff,1,True,0.008771929824561403
87309e8e8ffffff,2,True,0.017543859649122806
87309e8e9ffffff,2,True,0.017543859649122806
87309e8eaffffff,2,True,0.017543859649122806
87309e8ebffffff,6,True,0.05263157894736842
87309e8ecffffff,16,True,0.14035087719298245
87309e8edffffff,2,True,0.017543859649122806
87309e8eeffffff,2,True,0.017543859649122806
87309e8f1ffffff,3,True,0.02631578947368421
87309e8f2ffffff,0,False,0.0
87309e8f3ffffff,1,True,0.008771929824561403
87309ea00ffffff,3,True,0.02631578947368421
87309ea01ffffff,6,True,0.05263157894736842
87309ea02ffffff,3,True,0.02631578947368421
87309ea03ffffff,4,True,0.03508771929824561
87309ea04ffffff,4,True,0.03508771929824561
87309ea05ffffff,3,True,0.02631578947368421
87309ea06ffffff,9,True,0.07894736842105263
87309ea08ffffff,2,True,0.017543859649122806
87309ea0affffff,2,True,0.017543859649122806
87309ea0bffffff,5,True,0.043859649122807015
87309ea0effffff,6,True,0.05263157894736842
87309ea10ffffff,13,True,0.11403508771929824
87309ea11ffffff,11,True,0.09649122807017543
87309ea12ffffff,13,True,0.11403508771929824
87309ea13ffffff,8,True,0.07017543859649122
87309ea14ffffff,3,True,0.02631578947368421
87309ea15ffffff,3,True,0.02631578947368421
87309ea16ffffff,23,True,0.20175438596491227
87309ea18ffffff,1,True,0.008771929824561403
87309ea19ffffff,2,True,0.017543859649122806
87309ea1affffff,0,False,0.0
87309ea1bffffff,3,True,0.02631578947368421
87309ea1cffffff,9,True,0.07894736842105263
87309ea1dffffff,1,True,0.008771929824561403
87309ea1effffff,12,True,0.10526315789473684
87309ea30ffffff,0,False,0.0
87309ea31ffffff,4,True,0.03508771929824561
87309ea32ffffff,0,False,0.0
87309ea33ffffff,5,True,0.043859649122807015
87309ea34ffffff,0,False,0.0
87309ea36ffffff,1,True,0.008771929824561403
87309ea80ffffff,2,True,0.017543859649122806
87309ea81ffffff,1,True,0.008771929824561403
87309ea82ffffff,7,True,0.06140350877192982
87309ea83ffffff,6,True,0.05263157894736842
87309ea84ffffff,3,True,0.02631578947368421
87309ea85ffffff,3,True,0.02631578947368421
87309ea86ffffff,9,True,0.07894736842105263
87309ea88ffffff,0,False,0.0
87309ea89ffffff,3,True,0.02631578947368421
87309ea8affffff,3,True,0.02631578947368421
87309ea8bffffff,2,True,0.017543859649122806
87309ea8cffffff,8,True,0.07017543859649122
87309ea8dffffff,0,False,0.0
87309ea8effffff,3,True,0.02631578947368421
87309ea90ffffff,25,True,0.21929824561403508
87309ea91ffffff,9,True,0.07894736842105263
87309ea92ffffff,14,True,0.12280701754385964
87309ea93ffffff,6,True,0.05263157894736842
87309ea94ffffff,20,True,0.17543859649122806
87309ea95ffffff,18,True,0.15789473684210525
87309ea96ffffff,27,True,0.23684210526315788
87309ea98ffffff,17,True,0.14912280701754385
87309ea99ffffff,2,True,0.017543859649122806
87309ea9affffff,1,True,0.008771929824561403
87309ea9bffffff,3,True,0.02631578947368421
87309ea9cffffff,12,True,0.10526315789473684
87309ea9dffffff,2,True,0.017543859649122806
87309ea9effffff,1,True,0.008771929824561403
87309eaa0ffffff,5,True,0.043859649122807015
87309eaa1ffffff,0,False,0.0
87309eaa2ffffff,17,True,0.14912280701754385
87309eaa3ffffff,10,True,0.08771929824561403
87309eaa4ffffff,4,True,0.03508771929824561
87309eaa5ffffff,7,True,0.06140350877192982
87309eaa6ffffff,3,True,0.02631578947368421
87309eaa8ffffff,1,True,0.008771929824561403
87309eaa9ffffff,4,True,0.03508771929824561
87309eaaaffffff,3,True,0.02631578947368421
87309eaabffffff,12,True,0.10526315789473684
87309eaacffffff,3,True,0.02631578947368421
87309eaadffffff,4,True,0.03508771929824561
87309eaaeffffff,6,True,0.05263157894736842
87309eab0ffffff,6,True,0.05263157894736842
87309eab1ffffff,2,True,0.017543859649122806
87309eab2ffffff,14,True,0.12280701754385964
87309eab3ffffff,6,True,0.05263157894736842
87309eab4ffffff,8,True,0.07017543859649122
87309eab5ffffff,1,True,0.008771929824561403
87309eab6ffffff,10,True,0.08771929824561403
87309eac4ffffff,3,True,0.02631578947368421
87309eac6ffffff,0,False,0.0
87309ead0ffffff,0,False,0.0
87309ead2ffffff,0,False,0.0
87309ead3ffffff,0,False,0.0
87309ead4ffffff,1,True,0.008771929824561403
87309ead5ffffff,0,False,0.0
87309ead6ffffff,0,False,0.0
87309eadaffffff,0,False,0.0
87309eae0ffffff,2,True,0.017543859649122806
87309eae2ffffff,5,True,0.043859649122807015
87309eae4ffffff,3,True,0.02631578947368421
87309eae5ffffff,1,True,0.008771929824561403
87309eae6ffffff,3,True,0.02631578947368421
87309eaf0ffffff,4,True,0.03508771929824561
87309eaf1ffffff,2,True,0.017543859649122806
87309eaf2ffffff,7,True,0.06140350877192982
87309eaf3ffffff,2,True,0.017543859649122806
87309eaf4ffffff,0,False,0.0
87309eaf5ffffff,19,True,0.16666666666666666
87309eaf6ffffff,5,True,0.043859649122807015
87309eb80ffffff,0,False,0.0
87309eb81ffffff,0,False,0.0
87309eb82ffffff,0,False,0.0
87309eb83ffffff,0,False,0.0
87309eb84ffffff,0,False,0.0
87309eb85ffffff,0,False,0.0
87309eb86ffffff,0,False,0.0
87309eb88ffffff,6,True,0.05263157894736842
87309eb89ffffff,4,True,0.03508771929824561
87309eb8affffff,2,True,0.017543859649122806
87309eb8bffffff,1,True,0.008771929824561403
87309eb8cffffff,0,False,0.0
87309eb8dffffff,0,False,0.0
87309eb8effffff,2,True,0.017543859649122806
87309eb90ffffff,0,False,0.0
87309eb91ffffff,0,False,0.0
87309eb92ffffff,9,True,0.07894736842105263
87309eb93ffffff,3,True,0.02631578947368421
87309eb94ffffff,8,True,0.07017543859649122
87309eb95ffffff,0,False,0.0
87309eb96ffffff,7,True,0.06140350877192982
87309eb98ffffff,16,True,0.14035087719298245
87309eb99ffffff,4,True,0.03508771929824561
87309eb9affffff,8,True,0.07017543859649122
87309eb9bffffff,13,True,0.11403508771929824
87309eb9cffffff,0,False,0.0
87309eb9dffffff,4,True,0.03508771929824561
87309eb9effffff,3,True,0.02631578947368421
87309eba2ffffff,1,True,0.008771929824561403
87309eba3ffffff,0,False,0.0
87309ebaaffffff,0,False,0.0
87309ebb0ffffff,4,True,0.03508771929824561
87309ebb1ffffff,0,False,0.0
87309ebb2ffffff,14,True,0.12280701754385964
87309ebb3ffffff,1,True,0.008771929824561403
87309ebb4ffffff,3,True,0.02631578947368421
87309ebb5ffffff,9,True,0.07894736842105263
87309ebb6ffffff,2,True,0.017543859649122806
