id,n_out_of_range_features,has_out_of_range,pct_features_out_of_range,predicted_ohca,neighbor_count,neighbor_mean_predicted_ohca,local_abs_deviation
87309e000ffffff,2,True,0.017543859649122806,0.42599875,6,1.7035924649999998,1.2775937149999999
87309e001ffffff,4,True,0.03508771929824561,0.42599875,6,1.2447249183333333,0.8187261683333333
87309e002ffffff,1,True,0.008771929824561403,0.40675443,6,1.2383100816666666,0.8315556516666666
87309e003ffffff,0,False,0.0,0.40675443,6,2.0730732466666666,1.6663188166666667
87309e004ffffff,7,True,0.06140350877192982,8.149294,6,1.247932305,6.901361694999999
87309e005ffffff,0,False,0.0,0.42599875,6,2.5319407933333333,2.105942043333333
87309e006ffffff,2,True,0.017543859649122806,0.40675443,6,3.543818605,3.137064175
87309e008ffffff,0,False,0.0,5.3768444,6,2.8950068016666672,2.481837598333333
87309e009ffffff,1,True,0.008771929824561403,5.3768444,6,3.6927218466666667,1.6841225533333337
87309e00affffff,0,False,0.0,0.40675443,6,4.595817505,4.189063075
87309e00bffffff,2,True,0.017543859649122806,5.3768444,6,4.595817505,0.7810268950000001
87309e00cffffff,1,True,0.008771929824561403,0.42599875,6,2.0666584733333333,1.6406597233333333
87309e00dffffff,0,False,0.0,0.40675443,6,2.0730732466666666,1.6663188166666667
87309e00effffff,0,False,0.0,5.3768444,6,2.06986586,3.3069785400000002
87309e010ffffff,2,True,0.017543859649122806,0.42599875,6,5.255342738333333,4.829343988333333
87309e011ffffff,0,False,0.0,0.40675443,6,2.8905714383333336,2.4838170083333337
87309e012ffffff,6,True,0.05263157894736842,5.3575997,6,2.64691938,2.71068032
87309e013ffffff,3,True,0.02631578947368421,5.3502326,6,2.843250121666667,2.506982478333333
87309e014ffffff,18,True,0.15789473684210525,6.213337,6,5.591825075,0.6215119250000001
87309e015ffffff,5,True,0.043859649122807015,5.3575997,6,2.3928108399999997,2.96478886
87309e016ffffff,5,True,0.043859649122807015,8.846533,6,3.0312147216666663,5.815318278333335
87309e018ffffff,5,True,0.043859649122807015,5.085549,6,2.0666584733333333,3.018890526666667
87309e019ffffff,0,False,0.0,0.40675443,6,2.893779001666667,2.4870245716666672
87309e01affffff,0,False,0.0,0.40675443,6,3.619841893333333,3.2130874633333333
87309e01bffffff,0,False,0.0,0.40675443,6,2.8464575683333333,2.4397031383333334
87309e01cffffff,0,False,0.0,0.42599875,6,2.843250181666667,2.417251431666667
87309e01dffffff,3,True,0.02631578947368421,5.3768444,6,2.01810924,3.3587351600000006
87309e01effffff,3,True,0.02631578947368421,5.3768444,6,2.7902656516666666,2.586578748333334
87309e020ffffff,1,True,0.008771929824561403,0.40675443,6,2.5351481799999998,2.12839375
87309e021ffffff,0,False,0.0,0.42599875,6,2.5255260199999996,2.0995272699999994
87309e022ffffff,3,True,0.02631578947368421,0.42599875,6,3.3570816716666663,2.9310829216666665
87309e023ffffff,4,True,0.03508771929824561,5.3768444,6,1.7067998516666663,3.670044548333334
87309e024ffffff,0,False,0.0,0.40675443,6,2.528733406666666,2.121978976666666
87309e025ffffff,5,True,0.043859649122807015,8.149294,6,0.41316920333333335,7.736124796666666
87309e026ffffff,1,True,0.008771929824561403,0.42599875,6,2.06665841,1.64065966
87309e028ffffff,0,False,0.0,0.40675443,6,0.40675442999999994,5.551115123125783e-17
87309e029ffffff,0,False,0.0,0.40675443,6,0.4099618166666667,0.0032073866666667006
87309e02affffff,1,True,0.008771929824561403,0.40675443,6,0.41637659,0.00962215999999999
87309e02bffffff,3,True,0.02631578947368421,0.40675443,6,0.41316920333333335,0.006414773333333346
87309e02cffffff,1,True,0.008771929824561403,0.40675443,6,0.41316920333333335,0.006414773333333346
87309e02dffffff,0,False,0.0,0.40675443,6,0.41316920333333335,0.006414773333333346
87309e02effffff,1,True,0.008771929824561403,0.40675443,6,1.241517531666667,0.8347631016666669
87309e030ffffff,4,True,0.03508771929824561,5.3768444,6,3.3632618216666668,2.0135825783333337
87309e031ffffff,4,True,0.03508771929824561,0.42599875,6,4.368959546666666,3.942960796666666
87309e032ffffff,9,True,0.07894736842105263,7.0659533,6,4.049507433333334,3.0164458666666665
87309e033ffffff,18,True,0.15789473684210525,6.497266,6,4.141081263333334,2.356184736666666
87309e034ffffff,3,True,0.02631578947368421,0.40675443,6,2.0698657966666665,1.6631113666666666
87309e035ffffff,5,True,0.043859649122807015,5.3575997,6,1.2479323050000002,4.109667395
87309e036ffffff,0,False,0.0,0.42599875,6,3.645014605,3.2190158550000003
87309e040ffffff,21,True,0.18421052631578946,11.070199,6,8.616301166666666,2.4538978333333343
87309e041ffffff,9,True,0.07894736842105263,5.085549,6,7.60897245,2.52342345
87309e042ffffff,24,True,0.21052631578947367,11.671445,6,7.758344683333334,3.9131003166666662
87309e043ffffff,28,True,0.24561403508771928,11.177695,6,7.415926166666668,3.761768833333332
87309e044ffffff,7,True,0.06140350877192982,8.827289,6,7.0227602000000005,1.8045288
87309e045ffffff,12,True,0.10526315789473684,7.877243,6,6.023913308333333,1.8533296916666666
87309e046ffffff,16,True,0.14035087719298245,7.058586,6,7.946703583333335,0.8881175833333348
87309e048ffffff,10,True,0.08771929824561403,4.7663736,6,3.991233146666667,0.7751404533333326
87309e049ffffff,0,False,0.0,0.40675443,6,2.3816464399999995,1.9748920099999996
87309e04affffff,8,True,0.07017543859649122,5.0663047,6,3.52130408,1.5450006199999997
87309e04bffffff,0,False,0.0,0.42599875,6,1.9099493366666664,1.4839505866666665
87309e04cffffff,6,True,0.05263157894736842,5.085549,6,4.763178121666667,0.32237087833333344
87309e04dffffff,9,True,0.07894736842105263,7.877243,6,2.692955815,5.1842871850000005
87309e04effffff,11,True,0.09649122807017543,5.085549,6,6.044503383333333,0.9589543833333325
87309e050ffffff,8,True,0.07017543859649122,8.168538,6,4.927493471666666,3.241044528333334
87309e051ffffff,11,True,0.09649122807017543,5.3694777,6,6.249615371666668,0.8801376716666676
87309e052ffffff,10,True,0.08771929824561403,7.8419952,6,4.188637396666667,3.653357803333334
87309e053ffffff,1,True,0.008771929824561403,0.40675443,6,4.601475466666667,4.1947210366666665
87309e054ffffff,7,True,0.06140350877192982,5.1930447,6,5.013778275,0.17926642499999978
87309e055ffffff,9,True,0.07894736842105263,5.3768444,6,7.136448516666667,1.759604116666667
87309e056ffffff,5,True,0.043859649122807015,5.3768444,6,6.22235185,0.8455074499999995
87309e058ffffff,6,True,0.05263157894736842,5.085549,6,4.683476321666666,0.40207267833333393
87309e059ffffff,3,True,0.02631578947368421,5.3575997,6,4.3964335383333335,0.9611661616666662
87309e05affffff,0,False,0.0,0.40675443,6,3.6780132833333337,3.2712588533333338
87309e05bffffff,5,True,0.043859649122807015,5.3768444,6,2.8400426683333335,2.536801731666667
87309e05cffffff,17,True,0.14912280701754385,6.497266,6,7.2944266833333335,0.7971606833333338
87309e05dffffff,8,True,0.07017543859649122,5.085549,6,6.378327233333333,1.2927782333333324
87309e05effffff,3,True,0.02631578947368421,5.3768444,6,3.0319667183333334,2.344877681666667
87309e060ffffff,2,True,0.017543859649122806,5.3768444,6,8.477909200000001,3.1010648000000005
87309e061ffffff,3,True,0.02631578947368421,5.3768444,6,5.479482908333334,0.10263850833333343
87309e062ffffff,3,True,0.02631578947368421,5.3768444,6,6.214454991666667,0.8376105916666665
87309e063ffffff,8,True,0.07017543859649122,5.3768444,6,5.543510658333333,0.1666662583333327
87309e064ffffff,31,True,0.2719298245614035,11.56395,6,10.10818215,1.4557678500000009
87309e065ffffff,22,True,0.19298245614035087,11.270063,6,8.0895773,3.1804857
87309e066ffffff,9,True,0.07894736842105263,11.902909,6,5.334800550000001,6.568108449999999
87309e068ffffff,3,True,0.02631578947368421,0.40675443,6,3.300678285,2.893923855
87309e069ffffff,3,True,0.02631578947368421,0.40675443,6,3.7174113816666665,3.3106569516666666
87309e06affffff,5,True,0.043859649122807015,5.3575997,6,3.2146414350000003,2.1429582649999994
87309e06bffffff,2,True,0.017543859649122806,0.40675443,6,4.036574926666667,3.629820496666667
87309e06cffffff,3,True,0.02631578947368421,5.3768444,6,4.074602963333334,1.3022414366666668
87309e06dffffff,13,True,0.11403508771929824,7.830118,6,2.0602436366666663,5.769874363333333
87309e06effffff,4,True,0.03508771929824561,0.42599875,6,4.962021721666667,4.536022971666667
87309e070ffffff,0,False,0.0,0.42599875,6,2.0698657966666665,1.6438670466666665
87309e071ffffff,5,True,0.043859649122807015,5.3768444,6,4.578719433333334,0.7981249666666663
87309e072ffffff,1,True,0.008771929824561403,0.42599875,6,2.8643734550000004,2.438374705
87309e073ffffff,4,True,0.03508771929824561,5.3575997,6,3.9762195000000005,1.3813801999999993
87309e074ffffff,0,False,0.0,0.40675443,6,0.41958397666666664,0.012829546666666636
87309e075ffffff,0,False,0.0,0.42599875,6,3.985891621666667,3.5598928716666673
87309e076ffffff,1,True,0.008771929824561403,0.42599875,6,0.41316920333333335,0.012829546666666636
87309e080ffffff,1,True,0.008771929824561403,0.40675443,4,0.41637659,0.00962215999999999
87309e082ffffff,0,False,0.0,0.40675443,3,0.41316920333333335,0.006414773333333346
87309e084ffffff,1,True,0.008771929824561403,0.40675443,6,0.41316920333333323,0.006414773333333235
87309e085ffffff,1,True,0.008771929824561403,0.42599875,5,0.40675443,0.01924431999999998
87309e086ffffff,0,False,0.0,0.42599875,6,0.40675442999999994,0.019244320000000037
87309e090ffffff,1,True,0.008771929824561403,0.40675443,3,0.40675443000000006,5.551115123125783e-17
87309e094ffffff,0,False,0.0,0.40675443,5,0.40675443,0.0
87309e095ffffff,1,True,0.008771929824561403,0.40675443,5,0.41060329399999995,0.003848863999999952
87309e096ffffff,0,False,0.0,0.40675443,2,0.40675443,0.0
87309e0a0ffffff,1,True,0.008771929824561403,0.40675443,6,1.2383100816666666,0.8315556516666666
87309e0a1ffffff,2,True,0.017543859649122806,0.40675443,6,1.2383100816666668,0.8315556516666668
87309e0a2ffffff,2,True,0.017543859649122806,0.40675443,6,2.249647653333333,1.8428932233333333
87309e0a3ffffff,0,False,0.0,0.40675443,6,0.4099618166666666,0.0032073866666665896
87309e0a4ffffff,1,True,0.008771929824561403,0.42599875,6,2.1107724566666666,1.6847737066666666
87309e0a5ffffff,1,True,0.008771929824561403,0.42599875,6,2.6417324566666665,2.2157337066666667
87309e0a6ffffff,4,True,0.03508771929824561,5.3575997,6,2.2528550399999996,3.10474466
87309e0a8ffffff,0,False,0.0,0.40675443,6,1.1897609150000001,0.7830064850000001
87309e0a9ffffff,0,False,0.0,0.40675443,6,2.890571618333333,2.483817188333333
87309e0aaffffff,0,False,0.0,0.40675443,4,0.41637658999999994,0.009622159999999935
87309e0abffffff,0,False,0.0,0.42599875,4,1.7202590725,1.2942603225
87309e0acffffff,3,True,0.02631578947368421,0.42599875,6,2.832400048333333,2.406401298333333
87309e0adffffff,1,True,0.008771929824561403,5.0663047,6,2.0622231733333334,3.0040815266666665
87309e0aeffffff,0,False,0.0,0.40675443,6,0.41316920333333335,0.006414773333333346
87309e0b0ffffff,0,False,0.0,0.42599875,6,1.3791649433333333,0.9531661933333333
87309e0b1ffffff,3,True,0.02631578947368421,0.40675443,6,1.4309215483333333,1.0241671183333332
87309e0b2ffffff,0,False,0.0,0.40675443,4,0.41156550999999997,0.004811079999999968
87309e0b3ffffff,2,True,0.017543859649122806,0.40675443,6,0.41316920333333335,0.006414773333333346
87309e0b4ffffff,4,True,0.03508771929824561,0.13470344,4,3.175905345,3.041201905
87309e0b5ffffff,14,True,0.12280701754385964,6.5132685,6,2.0149017416666664,4.498366758333333
87309e0b6ffffff,0,False,0.0,0.40675443,4,0.3435527625,0.0632016675
87309e0c1ffffff,0,False,0.0,0.40675443,2,0.40675443,0.0
87309e0c5ffffff,0,False,0.0,0.40675443,4,0.41637659,0.00962215999999999
87309e0e0ffffff,5,True,0.043859649122807015,5.0663047,6,3.725334716666667,1.3409699833333328
87309e0e1ffffff,2,True,0.017543859649122806,5.3768444,6,3.2605234250000006,2.116320975
87309e0e2ffffff,3,True,0.02631578947368421,5.085549,4,2.8237866499999997,2.2617623500000006
87309e0e3ffffff,0,False,0.0,0.42599875,5,3.2722902560000002,2.846291506
87309e0e4ffffff,4,True,0.03508771929824561,5.660773,6,2.8432501850000005,2.8175228149999993
87309e0e5ffffff,5,True,0.043859649122807015,5.3768444,6,5.783267683333334,0.4064232833333339
87309e0e6ffffff,3,True,0.02631578947368421,0.42599875,6,3.667163326666666,3.241164576666666
87309e0e8ffffff,0,False,0.0,0.40675443,6,1.2447249183333333,0.8379704883333333
87309e0e9ffffff,1,True,0.008771929824561403,5.3768444,6,0.41316920333333335,4.963675196666667
87309e0eaffffff,0,False,0.0,0.40675443,5,0.41060329400000006,0.003848864000000063
87309e0ebffffff,0,False,0.0,0.40675443,4,1.6492769225000004,1.2425224925000005
87309e0ecffffff,4,True,0.03508771929824561,0.42599875,6,2.480724326666667,2.0547255766666668
87309e0edffffff,1,True,0.008771929824561403,0.42599875,6,2.0666584733333333,1.6406597233333333
87309e0eeffffff,1,True,0.008771929824561403,0.42599875,6,1.241517531666667,0.8155187816666669
87309e0f4ffffff,5,True,0.043859649122807015,5.3768444,5,2.451576138,2.9252682620000003
87309e0f5ffffff,4,True,0.03508771929824561,5.3768444,4,2.823786645,2.553057755
87309e0f6ffffff,2,True,0.017543859649122806,5.660773,3,2.06986586,3.5909071399999997
87309e100ffffff,6,True,0.05263157894736842,0.40675443,6,1.2318953083333333,0.8251408783333333
87309e101ffffff,2,True,0.017543859649122806,0.40675443,6,0.4099618166666667,0.0032073866666667006
87309e102ffffff,0,False,0.0,0.40675443,6,1.2318953083333335,0.8251408783333335
87309e103ffffff,0,False,0.0,0.40675443,6,0.4099618166666667,0.0032073866666667006
87309e104ffffff,0,False,0.0,0.40675443,6,1.2318953083333335,0.8251408783333335
87309e105ffffff,1,True,0.008771929824561403,0.40675443,6,1.2318953083333333,0.8251408783333333
87309e106ffffff,5,True,0.043859649122807015,5.3575997,6,0.40675442999999994,4.950845269999999
87309e108ffffff,4,True,0.03508771929824561,0.40675443,6,1.430921548333333,1.0241671183333332
87309e109ffffff,1,True,0.008771929824561403,0.42599875,6,2.3954779433333333,1.9694791933333333
87309e10affffff,3,True,0.02631578947368421,0.40675443,6,1.238310145,0.831555715
87309e10bffffff,1,True,0.008771929824561403,0.40675443,6,1.7035924649999996,1.2968380349999995
87309e10cffffff,2,True,0.017543859649122806,0.40675443,6,1.4277141616666664,1.0209597316666663
87309e10dffffff,12,True,0.10526315789473684,6.5132685,6,2.44402709,4.06924141
87309e10effffff,0,False,0.0,0.42599875,6,0.40675442999999994,0.019244320000000037
87309e110ffffff,0,False,0.0,0.40675443,6,0.40675442999999994,5.551115123125783e-17
87309e111ffffff,4,True,0.03508771929824561,0.40675443,6,0.40675442999999994,5.551115123125783e-17
87309e112ffffff,1,True,0.008771929824561403,0.40675443,5,1.959111144,1.552356714
87309e113ffffff,0,False,0.0,0.40675443,6,1.7035924116666665,1.2968379816666666
87309e114ffffff,0,False,0.0,0.40675443,4,0.40675443,0.0
87309e115ffffff,0,False,0.0,0.40675443,6,1.2318953083333335,0.8251408783333335
87309e116ffffff,1,True,0.008771929824561403,0.40675443,3,0.40675443000000006,5.551115123125783e-17
87309e118ffffff,1,True,0.008771929824561403,0.40675443,6,1.2383101450000003,0.8315557150000003
87309e119ffffff,7,True,0.06140350877192982,5.3768444,6,0.41316920333333323,4.963675196666667
87309e11affffff,2,True,0.017543859649122806,0.40675443,6,0.4163765899999999,0.00962215999999988
87309e11bffffff,0,False,0.0,0.42599875,6,2.0634510233333336,1.6374522733333337
87309e11cffffff,2,True,0.017543859649122806,0.40675443,6,0.40675442999999994,5.551115123125783e-17
87309e11dffffff,1,True,0.008771929824561403,0.40675443,6,1.238310145,0.831555715
87309e11effffff,1,True,0.008771929824561403,0.40675443,6,0.4099618166666666,0.0032073866666665896
87309e121ffffff,0,False,0.0,0.40675443,4,1.6444657475,1.2377113175
87309e122ffffff,0,False,0.0,0.40675443,3,0.40675443000000006,5.551115123125783e-17
87309e123ffffff,3,True,0.02631578947368421,0.40675443,5,1.3969234839999998,0.9901690539999998
87309e128ffffff,2,True,0.017543859649122806,5.3575997,6,1.2318953083333333,4.125704391666666
87309e129ffffff,0,False,0.0,0.40675443,6,2.304611573333333,1.8978571433333333
87309e12affffff,2,True,0.017543859649122806,0.40675443,6,2.0570361866666667,1.6502817566666668
87309e12bffffff,2,True,0.017543859649122806,0.40675443,6,3.3191565316666662,2.9124021016666664
87309e12cffffff,3,True,0.02631578947368421,0.40675443,6,2.0570361866666667,1.6502817566666668
87309e12dffffff,1,True,0.008771929824561403,0.40675443,6,1.2318953083333335,0.8251408783333335
87309e12effffff,5,True,0.043859649122807015,5.3575997,6,1.2318953083333335,4.125704391666666
87309e131ffffff,2,True,0.017543859649122806,0.40675443,4,1.6444657475000002,1.2377113175
87309e133ffffff,1,True,0.008771929824561403,0.40675443,4,1.6444657475000002,1.2377113175
87309e140ffffff,0,False,0.0,0.40675443,6,2.88610051,2.47934608
87309e141ffffff,4,True,0.03508771929824561,0.42599875,6,2.6366585566666667,2.2106598066666665
87309e142ffffff,4,True,0.03508771929824561,0.42599875,6,3.132959965,2.7069612149999998
87309e143ffffff,11,True,0.09649122807017543,6.8238077,6,2.06986586,4.7539418399999995
87309e144ffffff,3,True,0.02631578947368421,8.827289,6,1.2351027583333334,7.592186241666667
87309e145ffffff,4,True,0.03508771929824561,0.40675443,6,2.6417325099999998,2.23497808
87309e146ffffff,0,False,0.0,0.40675443,6,2.64493996,2.23818553
87309e148ffffff,15,True,0.13157894736842105,13.261313,6,9.030722588333331,4.230590411666668
87309e149ffffff,29,True,0.2543859649122807,11.606231,6,10.66694465,0.9392863499999997
87309e14affffff,18,True,0.15789473684210525,11.270063,6,8.573012555,2.6970504450000004
87309e14bffffff,30,True,0.2631578947368421,11.9900465,6,11.358516,0.6315305000000002
87309e14cffffff,11,True,0.09649122807017543,7.3498816,6,5.480997905,1.868883695
87309e14dffffff,16,True,0.14035087719298245,11.561359,6,8.519833199999999,3.0415258000000005
87309e14effffff,2,True,0.017543859649122806,0.40675443,6,7.417984741666667,7.011230311666667
87309e150ffffff,5,True,0.043859649122807015,0.42599875,6,1.2447249183333333,0.8187261683333333
87309e151ffffff,3,True,0.02631578947368421,5.3768444,6,1.247932305,4.1289120950000004
87309e152ffffff,5,True,0.043859649122807015,0.40675443,6,1.710007238333333,1.3032528083333328
87309e153ffffff,0,False,0.0,0.42599875,6,1.2415175316666667,0.8155187816666667
87309e154ffffff,2,True,0.017543859649122806,0.42599875,6,1.3841403716666667,0.9581416216666667
87309e155ffffff,4,True,0.03508771929824561,0.40675443,6,1.247932305,0.841177875
87309e156ffffff,2,True,0.017543859649122806,0.42599875,6,1.7067998516666663,1.2808011016666663
87309e158ffffff,2,True,0.017543859649122806,0.42599875,6,3.475267955,3.049269205
87309e159ffffff,8,True,0.07017543859649122,8.839167,6,6.827627316666667,2.011539683333333
87309e15affffff,0,False,0.0,0.40675443,6,0.41637659000000005,0.009622160000000046
87309e15bffffff,2,True,0.017543859649122806,0.42599875,6,3.73459706,3.30859831
87309e15cffffff,6,True,0.05263157894736842,5.3768444,6,3.1425821250000006,2.234262275
87309e15dffffff,5,True,0.043859649122807015,5.3768444,6,5.523772546666667,0.14692814666666631
87309e15effffff,3,True,0.02631578947368421,0.42599875,6,2.06986586,1.6438671100000002
87309e160ffffff,1,True,0.008771929824561403,0.40675443,6,1.7003850783333334,1.2936306483333335
87309e161ffffff,1,True,0.008771929824561403,0.40675443,6,3.1265451483333333,2.7197907183333334
87309e162ffffff,3,True,0.02631578947368421,0.40675443,6,3.928948448333333,3.522194018333333
87309e163ffffff,1,True,0.008771929824561403,0.40675443,6,2.6353177366666665,2.2285633066666666
87309e164ffffff,3,True,0.02631578947368421,0.42599875,6,2.5255260199999996,2.0995272699999994
87309e165ffffff,1,True,0.008771929824561403,0.40675443,6,2.113979893333333,1.7072254633333332
87309e166ffffff,5,True,0.043859649122807015,8.149294,6,0.4099618166666666,7.739332183333333
87309e168ffffff,1,True,0.008771929824561403,0.40675443,6,3.3709131049999996,2.9641586749999997
87309e169ffffff,1,True,0.008771929824561403,0.42599875,6,4.528739676666667,4.102740926666668
87309e16affffff,5,True,0.043859649122807015,0.42599875,6,3.458592068333333,3.0325933183333333
87309e16bffffff,7,True,0.06140350877192982,6.8045635,6,4.254598705,2.549964795
87309e16cffffff,9,True,0.07894736842105263,6.8045635,6,2.888591965,3.9159715350000006
87309e16dffffff,3,True,0.02631578947368421,0.40675443,6,3.084410751666667,2.677656321666667
87309e16effffff,5,True,0.043859649122807015,5.3575997,6,1.4762633283333333,3.8813363716666665
87309e170ffffff,3,True,0.02631578947368421,0.40675443,6,3.2755828049999995,2.8688283749999997
87309e171ffffff,6,True,0.05263157894736842,5.3768444,6,1.8133842449999997,3.5634601550000005
87309e172ffffff,12,True,0.10526315789473684,6.1940928,6,2.503637813333333,3.690454986666667
87309e173ffffff,3,True,0.02631578947368421,0.42599875,6,2.20286654,1.77686779
87309e174ffffff,0,False,0.0,0.42599875,6,1.4762633083333332,1.0502645583333332
87309e175ffffff,2,True,0.017543859649122806,0.40675443,6,2.5287334066666665,2.1219789766666666
87309e176ffffff,8,True,0.07017543859649122,6.8238077,6,2.392270556666667,4.431537143333333
87309e180ffffff,2,True,0.017543859649122806,0.40675443,4,0.41156550999999997,0.004811079999999968
87309e181ffffff,3,True,0.02631578947368421,0.42599875,6,1.238310145,0.812311395
87309e182ffffff,0,False,0.0,0.40675443,3,0.40675443000000006,5.551115123125783e-17
87309e183ffffff,2,True,0.017543859649122806,0.40675443,6,1.238310145,0.831555715
87309e185ffffff,1,True,0.008771929824561403,0.40675443,5,1.404621288,0.997866858
87309e188ffffff,1,True,0.008771929824561403,0.40675443,6,2.9423281716666665,2.5355737416666666
87309e189ffffff,6,True,0.05263157894736842,5.3575997,6,3.8942218183333335,1.4633778816666663
87309e18affffff,3,True,0.02631578947368421,5.660773,6,1.238310145,4.422462855
87309e18bffffff,1,True,0.008771929824561403,0.40675443,6,3.520609605,3.1138551750000003
87309e18cffffff,2,True,0.017543859649122806,0.42599875,6,2.5351481266666664,2.1091493766666662
87309e18dffffff,1,True,0.008771929824561403,0.42599875,6,3.641807155,3.2158084049999998
87309e18effffff,2,True,0.017543859649122806,5.3768444,6,1.2888389649999998,4.088005435
87309e198ffffff,0,False,0.0,0.40675443,4,1.6444657475000002,1.2377113175
87309e199ffffff,0,False,0.0,0.40675443,6,2.935913335,2.529158905
87309e19bffffff,5,True,0.043859649122807015,5.3575997,5,2.5638160999999995,2.7937836000000003
87309e19cffffff,0,False,0.0,0.40675443,4,0.40675443,0.0
87309e19dffffff,0,False,0.0,0.40675443,6,2.11077252,1.70401809
87309e1a1ffffff,0,False,0.0,0.40675443,4,3.589722815,3.182968385
87309e1a3ffffff,1,True,0.008771929824561403,0.40675443,3,2.063451086666667,1.656696656666667
87309e1a8ffffff,0,False,0.0,0.40675443,6,3.828778721666667,3.422024291666667
87309e1a9ffffff,1,True,0.008771929824561403,0.42599875,6,1.7067997983333332,1.2808010483333332
87309e1aaffffff,5,True,0.043859649122807015,0.40675443,6,2.5351481266666664,2.1283936966666666
87309e1abffffff,8,True,0.07017543859649122,8.168538,6,0.4195839766666667,7.748954023333333
87309e1acffffff,6,True,0.05263157894736842,8.168538,6,1.238310145,6.930227855
87309e1adffffff,0,False,0.0,0.42599875,6,1.7035924116666668,1.2775936616666668
87309e1aeffffff,5,True,0.043859649122807015,5.3768444,6,1.7003850249999999,3.6764593750000003
87309e300ffffff,0,False,0.0,0.40675443,6,0.40675442999999994,5.551115123125783e-17
87309e301ffffff,0,False,0.0,0.40675443,6,0.40675442999999994,5.551115123125783e-17
87309e302ffffff,0,False,0.0,0.40675443,6,0.40675442999999994,5.551115123125783e-17
87309e303ffffff,0,False,0.0,0.40675443,6,0.40675442999999994,5.551115123125783e-17
87309e304ffffff,0,False,0.0,0.40675443,6,0.40675442999999994,5.551115123125783e-17
87309e305ffffff,0,False,0.0,0.40675443,6,0.40675442999999994,5.551115123125783e-17
87309e306ffffff,0,False,0.0,0.40675443,6,0.40675442999999994,5.551115123125783e-17
87309e308ffffff,0,False,0.0,0.40675443,5,0.40675443,0.0
87309e309ffffff,0,False,0.0,0.40675443,3,0.40675443000000006,5.551115123125783e-17
87309e30affffff,0,False,0.0,0.40675443,3,0.40675443000000006,5.551115123125783e-17
87309e30cffffff,0,False,0.0,0.40675443,6,0.40675442999999994,5.551115123125783e-17
87309e30dffffff,0,False,0.0,0.40675443,6,0.40675442999999994,5.551115123125783e-17
87309e30effffff,0,False,0.0,0.40675443,6,0.40675442999999994,5.551115123125783e-17
87309e310ffffff,0,False,0.0,0.40675443,6,0.40675442999999994,5.551115123125783e-17
87309e311ffffff,0,False,0.0,0.40675443,6,0.40675442999999994,5.551115123125783e-17
87309e312ffffff,0,False,0.0,0.40675443,6,0.40675442999999994,5.551115123125783e-17
87309e313ffffff,0,False,0.0,0.40675443,5,0.40675443,0.0
87309e314ffffff,0,False,0.0,0.40675443,6,0.40675442999999994,5.551115123125783e-17
87309e315ffffff,0,False,0.0,0.40675443,6,0.40675442999999994,5.551115123125783e-17
87309e316ffffff,0,False,0.0,0.40675443,6,0.4099618166666666,0.0032073866666665896
87309e318ffffff,0,False,0.0,0.40675443,3,0.40675443000000006,5.551115123125783e-17
87309e31cffffff,0,False,0.0,0.40675443,6,0.40675442999999994,5.551115123125783e-17
87309e31dffffff,0,False,0.0,0.40675443,5,0.40675443,0.0
87309e31effffff,0,False,0.0,0.40675443,4,0.40675443,0.0
87309e320ffffff,0,False,0.0,0.40675443,6,0.40675442999999994,5.551115123125783e-17
87309e321ffffff,0,False,0.0,0.40675443,6,0.40675442999999994,5.551115123125783e-17
87309e322ffffff,0,False,0.0,0.40675443,6,0.40675442999999994,5.551115123125783e-17
87309e323ffffff,0,False,0.0,0.40675443,6,0.40675442999999994,5.551115123125783e-17
87309e324ffffff,4,True,0.03508771929824561,0.40675443,6,0.40675442999999994,5.551115123125783e-17
87309e325ffffff,0,False,0.0,0.40675443,6,0.40675442999999994,5.551115123125783e-17
87309e326ffffff,5,True,0.043859649122807015,0.40675443,6,0.40675442999999994,5.551115123125783e-17
87309e328ffffff,0,False,0.0,0.40675443,6,0.40675442999999994,5.551115123125783e-17
87309e329ffffff,0,False,0.0,0.40675443,6,0.40675442999999994,5.551115123125783e-17
87309e32affffff,0,False,0.0,0.40675443,6,0.40675442999999994,5.551115123125783e-17
87309e32bffffff,0,False,0.0,0.40675443,6,0.40675442999999994,5.551115123125783e-17
87309e32cffffff,0,False,0.0,0.40675443,6,0.40675442999999994,5.551115123125783e-17
87309e32dffffff,0,False,0.0,0.40675443,5,0.40675443,0.0
87309e32effffff,0,False,0.0,0.40675443,6,0.40675442999999994,5.551115123125783e-17
87309e330ffffff,0,False,0.0,0.40675443,6,2.48018412,2.07342969
87309e331ffffff,0,False,0.0,0.40675443,6,0.40675442999999994,5.551115123125783e-17
87309e332ffffff,0,False,0.0,0.40675443,6,2.431634953333333,2.024880523333333
87309e333ffffff,0,False,0.0,0.40675443,6,0.40675442999999994,5.551115123125783e-17
87309e334ffffff,12,True,0.10526315789473684,8.168538,6,1.186553525,6.981984475
87309e335ffffff,0,False,0.0,0.40675443,6,1.7003850249999999,1.2936305949999998
87309e336ffffff,5,True,0.043859649122807015,5.085549,6,2.945466453333333,2.1400825466666675
87309e370ffffff,0,False,0.0,0.40675443,6,0.40675442999999994,5.551115123125783e-17
87309e371ffffff,0,False,0.0,0.40675443,3,0.40675443000000006,5.551115123125783e-17
87309e372ffffff,0,False,0.0,0.40675443,5,0.40675443,0.0
87309e373ffffff,0,False,0.0,0.40675443,3,0.40675443000000006,5.551115123125783e-17
87309e374ffffff,0,False,0.0,0.40675443,5,0.40675443,0.0
87309e375ffffff,0,False,0.0,0.40675443,3,0.40675443000000006,5.551115123125783e-17
87309e376ffffff,0,False,0.0,0.40675443,6,0.40675442999999994,5.551115123125783e-17
87309e3a0ffffff,1,True,0.008771929824561403,0.40675443,6,2.6353177366666665,2.2285633066666666
87309e3a1ffffff,0,False,0.0,0.40675443,5,0.40675443,0.0
87309e3a2ffffff,6,True,0.05263157894736842,8.827289,5,3.0810303980000002,5.746258602
87309e3a3ffffff,0,False,0.0,0.40675443,3,3.213599286666667,2.8068448566666673
87309e3a4ffffff,0,False,0.0,0.40675443,6,2.8368352849999994,2.4300808549999995
87309e3a5ffffff,0,False,0.0,0.40675443,6,0.4099618166666666,0.0032073866666665896
87309e3a6ffffff,6,True,0.05263157894736842,5.3575997,6,3.463666065,1.8939336349999998
87309e3acffffff,0,False,0.0,0.40675443,3,0.40675443000000006,5.551115123125783e-17
87309e3b0ffffff,0,False,0.0,0.40675443,4,2.5166991524999998,2.1099447225
87309e3b1ffffff,0,False,0.0,8.827289,3,3.2135992866666663,5.6136897133333346
87309e3b4ffffff,2,True,0.017543859649122806,0.42599875,6,2.063451086666667,1.637452336666667
87309e3b5ffffff,2,True,0.017543859649122806,0.40675443,6,4.87029588,4.463541449999999
87309e3b6ffffff,0,False,0.0,0.40675443,4,1.6540880025000002,1.2473335725
87309e56bffffff,0,False,0.0,0.40675443,1,0.40675443,0.0
87309e850ffffff,1,True,0.008771929824561403,0.40675443,4,2.8869881449999997,2.480233715
87309e851ffffff,4,True,0.03508771929824561,5.3575997,4,2.882177065,2.4754226349999997
87309e852ffffff,0,False,0.0,0.42599875,4,3.1759051400000002,2.7499063900000005
87309e853ffffff,3,True,0.02631578947368421,5.3575997,6,3.0812031683333334,2.2763965316666663
87309e855ffffff,1,True,0.008771929824561403,0.40675443,2,2.882177065,2.475422635
87309e85affffff,1,True,0.008771929824561403,0.40675443,4,1.6444657475000002,1.2377113175
87309e85effffff,3,True,0.02631578947368421,5.3575997,4,2.8821770649999996,2.475422635
87309e8c0ffffff,2,True,0.017543859649122806,0.40675443,6,1.6971776916666663,1.2904232616666662
87309e8c1ffffff,2,True,0.017543859649122806,0.40675443,6,2.52231857,2.11556414
87309e8c2ffffff,3,True,0.02631578947368421,0.40675443,6,0.41316920333333335,0.006414773333333346
87309e8c3ffffff,0,False,0.0,0.40675443,6,1.235102695,0.8283482649999999
87309e8c4ffffff,5,True,0.043859649122807015,0.40675443,6,1.697177691666666,1.2904232616666662
87309e8c5ffffff,10,True,0.08771929824561403,8.149294,6,0.40675442999999994,7.742539569999999
87309e8c6ffffff,3,True,0.02631578947368421,0.40675443,6,0.40675442999999994,5.551115123125783e-17
87309e8c8ffffff,4,True,0.03508771929824561,5.3768444,6,4.48195866,0.8948857400000003
87309e8c9ffffff,23,True,0.20175438596491227,6.497266,6,5.581749941666668,0.9155160583333322
87309e8caffffff,3,True,0.02631578947368421,0.40675443,6,2.8917993516666662,2.4850449216666664
87309e8cbffffff,3,True,0.02631578947368421,5.3768444,6,2.3007168266666667,3.0761275733333338
87309e8ccffffff,1,True,0.008771929824561403,0.40675443,6,4.2920142766666665,3.8852598466666666
87309e8cdffffff,6,True,0.05263157894736842,8.846533,6,4.314535693333333,4.531997306666668
87309e8ceffffff,5,True,0.043859649122807015,5.3575997,6,1.2351027583333336,4.122496941666666
87309e8d0ffffff,11,True,0.09649122807017543,6.485388,6,0.4099618166666666,6.075426183333334
87309e8d1ffffff,2,True,0.017543859649122806,0.42599875,6,1.4230674116666668,0.9970686616666669
87309e8d2ffffff,0,False,0.0,0.40675443,5,1.622481144,1.215726714
87309e8d3ffffff,0,False,0.0,0.40675443,6,1.4230674116666666,1.0163129816666667
87309e8d4ffffff,1,True,0.008771929824561403,0.40675443,5,1.626330008,1.2195755780000002
87309e8d5ffffff,2,True,0.017543859649122806,0.40675443,6,1.4230674116666666,1.0163129816666667
87309e8d6ffffff,3,True,0.02631578947368421,0.40675443,3,2.4329656200000005,2.0262111900000006
87309e8d8ffffff,2,True,0.017543859649122806,0.40675443,6,0.4099618166666667,0.0032073866666667006
87309e8d9ffffff,2,True,0.017543859649122806,0.40675443,6,1.7003850783333327,1.2936306483333326
87309e8daffffff,1,True,0.008771929824561403,0.40675443,6,0.4099618166666666,0.0032073866666665896
87309e8dbffffff,1,True,0.008771929824561403,0.40675443,6,1.7003850783333327,1.2936306483333326
87309e8dcffffff,1,True,0.008771929824561403,0.42599875,6,0.4099618166666666,0.016036933333333392
87309e8ddffffff,1,True,0.008771929824561403,0.40675443,6,1.235102695,0.8283482649999999
87309e8deffffff,1,True,0.008771929824561403,0.40675443,6,0.41316920333333335,0.006414773333333346
87309e8e0ffffff,0,False,0.0,0.40675443,3,0.40675443000000006,5.551115123125783e-17
87309e8e1ffffff,0,False,0.0,0.40675443,5,1.6357548079999997,1.2290003779999998
87309e8e2ffffff,0,False,0.0,0.40675443,4,0.40675443,0.0
87309e8e3ffffff,1,True,0.008771929824561403,0.40675443,6,1.697177691666666,1.2904232616666662
87309e8e8ffffff,2,True,0.017543859649122806,0.42599875,6,2.252854903333333,1.8268561533333332
87309e8e9ffffff,2,True,0.017543859649122806,0.40675443,6,1.2351026950000001,0.8283482650000001
87309e8eaffffff,2,True,0.017543859649122806,0.40675443,6,2.5255259566666663,2.1187715266666665
87309e8ebffffff,6,True,0.05263157894736842,5.3575997,6,1.816591578333333,3.5410081216666667
87309e8ecffffff,16,True,0.14035087719298245,6.532512,6,1.2383100816666668,5.294201918333333
87309e8edffffff,2,True,0.017543859649122806,0.40675443,6,3.081203168333333,2.674448738333333
87309e8eeffffff,2,True,0.017543859649122806,0.40675443,6,2.721344673333333,2.314590243333333
87309e8f1ffffff,3,True,0.02631578947368421,0.40675443,4,0.40675443,0.0
87309e8f2ffffff,0,False,0.0,0.42599875,2,0.40675443,0.01924431999999998
87309e8f3ffffff,1,True,0.008771929824561403,0.40675443,5,0.41060329400000006,0.003848864000000063
87309ea00ffffff,3,True,0.02631578947368421,0.42599875,6,4.175807776666666,3.749809026666666
87309ea01ffffff,6,True,0.05263157894736842,5.3768444,4,2.886988145,2.4898562550000003
87309ea02ffffff,3,True,0.02631578947368421,0.40675443,6,4.8854580966666665,4.478703666666666
87309ea03ffffff,4,True,0.03508771929824561,5.3575997,6,3.353874285,2.003725415
87309ea04ffffff,4,True,0.03508771929824561,5.3575997,4,2.3520114824999996,3.0055882175
87309ea05ffffff,3,True,0.02631578947368421,0.40675443,3,3.7201476166666665,3.3133931866666666
87309ea06ffffff,9,True,0.07894736842105263,8.149294,6,1.2415174683333332,6.907776531666666
87309ea08ffffff,2,True,0.017543859649122806,0.40675443,3,3.707317943333333,3.300563513333333
87309ea0affffff,2,True,0.017543859649122806,0.40675443,6,2.060243573333333,1.6534891433333332
87309ea0bffffff,5,True,0.043859649122807015,5.3575997,4,0.41637659,4.94122311
87309ea0effffff,6,True,0.05263157894736842,5.3575997,5,2.390941478,2.966658222
87309ea10ffffff,13,True,0.11403508771929824,7.538822,6,5.797054926666667,1.7417670733333326
87309ea11ffffff,11,True,0.09649122807017543,6.8238077,6,5.9464453766666665,0.8773623233333332
87309ea12ffffff,13,True,0.11403508771929824,4.747129,6,6.017969093333334,1.2708400933333337
87309ea13ffffff,8,True,0.07017543859649122,11.327685,6,5.457119988333333,5.870565011666668
87309ea14ffffff,3,True,0.02631578947368421,0.40675443,6,3.375880506666667,2.969126076666667
87309ea15ffffff,3,True,0.02631578947368421,0.40675443,6,3.958571885,3.551817455
87309ea16ffffff,23,True,0.20175438596491227,11.070199,6,3.143968998333333,7.926230001666667
87309ea18ffffff,1,True,0.008771929824561403,0.40675443,6,2.9376123533333334,2.5308579233333335
87309ea19ffffff,2,True,0.017543859649122806,0.40675443,6,0.4099618166666667,0.0032073866666667006
87309ea1affffff,0,False,0.0,0.40675443,6,3.3038857483333337,2.897131318333334
87309ea1bffffff,3,True,0.02631578947368421,0.40675443,6,1.4218396916666667,1.0150852616666666
87309ea1cffffff,9,True,0.07894736842105263,8.149294,6,3.541838848333333,4.607455151666667
87309ea1dffffff,1,True,0.008771929824561403,0.40675443,6,3.3474594483333333,2.9407050183333334
87309ea1effffff,12,True,0.10526315789473684,7.8493624,6,5.415189993333333,2.4341724066666677
87309ea30ffffff,0,False,0.0,0.40675443,5,0.4144521579999999,0.007697727999999904
87309ea31ffffff,4,True,0.03508771929824561,0.42599875,4,3.5849117199999996,3.1589129699999994
87309ea32ffffff,0,False,0.0,0.40675443,6,0.41316920333333335,0.006414773333333346
87309ea33ffffff,5,True,0.043859649122807015,0.42599875,6,1.7003850783333327,1.2743863283333328
87309ea34ffffff,0,False,0.0,0.40675443,2,0.40675443,0.0
87309ea36ffffff,1,True,0.008771929824561403,0.40675443,4,0.41156551,0.004811080000000023
87309ea80ffffff,2,True,0.017543859649122806,0.40675443,6,3.8115831100000004,3.4048286800000005
87309ea81ffffff,1,True,0.008771929824561403,0.40675443,6,2.9359133483333335,2.5291589183333336
87309ea82ffffff,7,True,0.06140350877192982,5.3768444,6,6.223935205,0.8470908049999997
87309ea83ffffff,6,True,0.05263157894736842,5.3768444,6,2.47553742,2.90130698
87309ea84ffffff,3,True,0.02631578947368421,5.660773,6,3.075328798333333,2.5854442016666668
87309ea85ffffff,3,True,0.02631578947368421,0.40675443,6,3.7189199433333333,3.3121655133333334
87309ea86ffffff,9,True,0.07894736842105263,5.641528,6,3.1711994483333332,2.470328551666667
87309ea88ffffff,0,False,0.0,0.40675443,6,2.10435757,1.69760314
87309ea89ffffff,3,True,0.02631578947368421,5.3575997,6,1.2318953083333333,4.125704391666666
87309ea8affffff,3,True,0.02631578947368421,0.40675443,6,0.40675442999999994,5.551115123125783e-17
87309ea8bffffff,2,True,0.017543859649122806,0.40675443,6,1.2318953083333335,0.8251408783333335
87309ea8cffffff,8,True,0.07017543859649122,5.641528,6,2.20286652,3.43866148
87309ea8dffffff,0,False,0.0,0.40675443,6,3.8972622099999996,3.4905077799999997
87309ea8effffff,3,True,0.02631578947368421,0.40675443,6,2.1075650200000005,1.7008105900000006
87309ea90ffffff,25,True,0.21929824561403508,9.423357,6,8.154427199999999,1.2689298000000004
87309ea91ffffff,9,True,0.07894736842105263,11.299806,6,5.863872321666666,5.435933678333334
87309ea92ffffff,14,True,0.12280701754385964,5.0503025,6,7.664030749999999,2.6137282499999994
87309ea93ffffff,6,True,0.05263157894736842,5.3575997,6,6.564530388333332,1.2069306883333324
87309ea94ffffff,20,True,0.17543859649122806,11.270063,6,7.3540908049999985,3.915972195000002
87309ea95ffffff,18,True,0.15789473684210525,6.769316,6,7.236392138333333,0.46707613833333284
87309ea96ffffff,27,True,0.23684210526315788,9.179476,6,10.101677166666667,0.9222011666666674
87309ea98ffffff,17,True,0.14912280701754385,6.788561,6,1.6471890916666665,5.141371908333333
87309ea99ffffff,2,True,0.017543859649122806,0.40675443,6,1.470388858333333,1.0636344283333332
87309ea9affffff,1,True,0.008771929824561403,0.40675443,6,4.001246715,3.594492285
87309ea9bffffff,3,True,0.02631578947368421,0.40675443,6,2.764019453333333,2.357265023333333
87309ea9cffffff,12,True,0.10526315789473684,7.8493624,6,4.942594110000001,2.9067682899999996
87309ea9dffffff,2,True,0.017543859649122806,0.40675443,6,3.5391718483333334,3.1324174183333335
87309ea9effffff,1,True,0.008771929824561403,0.40675443,6,6.588700254999999,6.181945824999999
87309eaa0ffffff,5,True,0.043859649122807015,8.827289,6,3.028007415,5.799281585000001
87309eaa1ffffff,0,False,0.0,0.40675443,6,4.966860921666667,4.560106491666667
87309eaa2ffffff,17,True,0.14912280701754385,6.5046325,6,3.4656457149999995,3.038986785
87309eaa3ffffff,10,True,0.08771929824561403,5.085549,6,4.53050796,0.5550410400000008
87309eaa4ffffff,4,True,0.03508771929824561,0.40675443,6,2.638525123333333,2.231770693333333
87309eaa5ffffff,7,True,0.06140350877192982,5.3575997,6,4.310813381666667,1.046786318333333
87309eaa6ffffff,3,True,0.02631578947368421,0.40675443,6,4.065696768333333,3.658942338333333
87309eaa8ffffff,1,True,0.008771929824561403,0.40675443,6,4.687911505,4.281157074999999
87309eaa9ffffff,4,True,0.03508771929824561,5.3768444,6,2.20286652,3.1739778800000003
87309eaaaffffff,3,True,0.02631578947368421,5.3768444,6,3.075328781666667,2.3015156183333336
87309eaabffffff,12,True,0.10526315789473684,6.213337,6,2.9359133483333335,3.2774236516666666
87309eaacffffff,3,True,0.02631578947368421,0.40675443,6,4.607001943333333,4.200247513333332
87309eaadffffff,4,True,0.03508771929824561,5.3768444,6,4.295692515,1.0811518850000006
87309eaaeffffff,6,True,0.05263157894736842,5.3768444,6,2.0149018533333334,3.361942546666667
87309eab0ffffff,6,True,0.05263157894736842,5.3575997,6,3.7380817316666666,1.6195179683333332
87309eab1ffffff,2,True,0.017543859649122806,0.40675443,6,3.9963403433333333,3.5895859133333334
87309eab2ffffff,14,True,0.12280701754385964,6.7394104,6,7.593267805,0.8538574050000003
87309eab3ffffff,6,True,0.05263157894736842,0.40675443,6,6.030778588333333,5.624024158333333
87309eab4ffffff,8,True,0.07017543859649122,9.111217,6,4.07604218,5.03517482
87309eab5ffffff,1,True,0.008771929824561403,0.40675443,6,4.934951593333333,4.528197163333333
87309eab6ffffff,10,True,0.08771929824561403,5.3575997,6,6.666691391666667,1.3090916916666675
87309eac4ffffff,3,True,0.02631578947368421,5.3575997,3,2.0570361866666667,3.300563513333333
87309eac6ffffff,0,False,0.0,0.40675443,4,1.6444657475000002,1.2377113175
87309ead0ffffff,0,False,0.0,0.40675443,5,0.40675443,0.0
87309ead2ffffff,0,False,0.0,0.40675443,6,0.40675442999999994,5.551115123125783e-17
87309ead3ffffff,0,False,0.0,0.40675443,4,0.40675443,0.0
87309ead4ffffff,1,True,0.008771929824561403,0.40675443,6,2.0570361866666667,1.6502817566666668
87309ead5ffffff,0,False,0.0,0.40675443,4,0.40675443,0.0
87309ead6ffffff,0,False,0.0,0.40675443,6,1.2318953083333335,0.8251408783333335
87309eadaffffff,0,False,0.0,0.40675443,3,0.40675443000000006,5.551115123125783e-17
87309eae0ffffff,2,True,0.017543859649122806,0.40675443,4,1.6540879075,1.2473334774999998
87309eae2ffffff,5,True,0.043859649122807015,5.3575997,5,2.615025798,2.7425739019999997
87309eae4ffffff,3,True,0.02631578947368421,0.42599875,6,1.2351026950000001,0.8091039450000002
87309eae5ffffff,1,True,0.008771929824561403,0.42599875,3,2.06345096,1.63745221
87309eae6ffffff,3,True,0.02631578947368421,0.40675443,6,2.2501879566666667,1.8434335266666668
87309eaf0ffffff,4,True,0.03508771929824561,5.3768444,6,2.24698057,3.1298638300000006
87309eaf1ffffff,2,True,0.017543859649122806,0.40675443,6,3.9004697766666663,3.4937153466666664
87309eaf2ffffff,7,True,0.06140350877192982,5.3575997,6,2.0602436366666663,3.2973560633333334
87309eaf3ffffff,2,True,0.017543859649122806,0.40675443,6,2.0602436366666668,1.6534892066666669
87309eaf4ffffff,0,False,0.0,0.40675443,6,3.0785363483333335,2.6717819183333336
87309eaf5ffffff,19,True,0.16666666666666666,6.497266,6,2.0602436366666663,4.437022363333334
87309eaf6ffffff,5,True,0.043859649122807015,0.40675443,6,3.856355726666667,3.449601296666667
87309eb80ffffff,0,False,0.0,0.40675443,6,0.4099618166666666,0.0032073866666665896
87309eb81ffffff,0,False,0.0,0.40675443,6,0.41316920333333323,0.006414773333333235
87309eb82ffffff,0,False,0.0,0.40675443,6,0.4099618166666666,0.0032073866666665896
87309eb83ffffff,0,False,0.0,0.42599875,6,1.238310145,0.812311395
87309eb84ffffff,0,False,0.0,0.40675443,6,0.4099618166666667,0.0032073866666667006
87309eb85ffffff,0,False,0.0,0.40675443,5,0.40675443,0.0
87309eb86ffffff,0,False,0.0,0.40675443,6,0.40675442999999994,5.551115123125783e-17
87309eb88ffffff,6,True,0.05263157894736842,8.149294,6,0.41316920333333335,7.736124796666666
87309eb89ffffff,4,True,0.03508771929824561,0.40675443,6,3.47762584,3.07087141
87309eb8affffff,2,True,0.017543859649122806,0.40675443,6,2.5319407933333333,2.1251863633333334
87309eb8bffffff,1,True,0.008771929824561403,0.40675443,6,4.299559331666667,3.892804901666667
87309eb8cffffff,0,False,0.0,0.40675443,5,1.9629600719999996,1.5562056419999997
87309eb8dffffff,0,False,0.0,0.42599875,5,1.9552623439999999,1.529263594
87309eb8effffff,2,True,0.017543859649122806,0.42599875,6,2.528733406666666,2.102734656666666
87309eb90ffffff,0,False,0.0,0.40675443,6,2.9359133849999997,2.5291589549999998
87309eb91ffffff,0,False,0.0,0.40675443,6,1.2351027583333336,0.8283483283333336
87309eb92ffffff,9,True,0.07894736842105263,5.3768444,6,2.34872569,3.02811871
87309eb93ffffff,3,True,0.02631578947368421,5.3768444,6,2.3014042700000004,3.07544013
87309eb94ffffff,8,True,0.07017543859649122,5.3575997,6,2.7083679066666666,2.649231793333333
87309eb95ffffff,0,False,0.0,0.40675443,6,1.2318953083333333,0.8251408783333333
87309eb96ffffff,7,True,0.06140350877192982,0.69068295,6,3.9036772266666673,3.2129942766666675
87309eb98ffffff,16,True,0.14035087719298245,6.532512,6,3.2541087516666667,3.278403248333333
87309eb99ffffff,4,True,0.03508771929824561,0.42599875,6,3.492061865,3.0660631150000004
87309eb9affffff,8,True,0.07017543859649122,5.085549,6,4.117664684999999,0.9678843150000009
87309eb9bffffff,13,True,0.11403508771929824,7.8227515,6,3.6614642683333334,4.161287231666666
87309eb9cffffff,0,False,0.0,0.40675443,6,2.25926974,1.8525153100000002
87309eb9dffffff,4,True,0.03508771929824561,5.3768444,6,1.4373361849999997,3.939508215000001
87309eb9effffff,3,True,0.02631578947368421,0.40675443,6,3.0358614483333333,2.6291070183333334
87309eba2ffffff,1,True,0.008771929824561403,0.42599875,4,1.6492769225000001,1.2232781725000001
87309eba3ffffff,0,False,0.0,0.40675443,3,0.41316920333333335,0.006414773333333346
87309ebaaffffff,0,False,0.0,0.40675443,3,0.40675443000000006,5.551115123125783e-17
87309ebb0ffffff,4,True,0.03508771929824561,0.40675443,6,2.4743095533333332,2.0675551233333334
87309ebb1ffffff,0,False,0.0,0.40675443,6,1.238310145,0.831555715
87309ebb2ffffff,14,True,0.12280701754385964,7.8419952,6,3.653610331666666,4.188384868333334
87309ebb3ffffff,1,True,0.008771929824561403,0.40675443,6,2.4711021033333336,2.0643476733333337
87309ebb4ffffff,3,True,0.02631578947368421,0.40675443,5,1.4007724240000001,0.9940179940000001
87309ebb5ffffff,9,True,0.07894736842105263,5.3768444,4,0.41156550999999997,4.9652788900000004
87309ebb6ffffff,2,True,0.017543859649122806,0.40675443,6,3.877731865,3.470977435
