element_type,osmid,name,shop,geometry,addr:city,addr:housenumber,addr:street,amenity,capacity,cuisine,delivery,opening_hours,outdoor_seating,smoking,takeaway,name:ru,healthcare,addr:district,addr:postcode,addr:province,brand,brand:en,brand:wikidata,name:en,atm,dispensing,religion,operator,brand:zh,name:zh,shelter_type,air_conditioning,diet:fish,diet:healthy,diet:local,diet:non-vegetarian,diet:vegan,diet:vegetarian,phone,recycling_type,capacity:disabled,operator:wikidata,access,layer,parking,fuel:diesel,fuel:octane_92,fuel:octane_95,self_service,fuel:octane_98,hairdresser,social_facility,social_facility:for,office,man_made,nodes,building,leisure,source,building:levels,cooling:method,addr:place,addr:unit,height,building:material,tourism,building:colour,hospital:level:CN,brand:wikipedia,public_transport,fee,surface,aeroway,landuse,tower:type,industrial,waterway,education,military,payment:alipay,payment:wechat,historic,ways,type
node,4698565580,古榉阁农家菜,,POINT (119.7512308 31.1959878),宜兴市湖父镇,2,洑西村龙山,restaurant,50,chinese,yes,8:00-9:30,no,separated,yes,,,,,,,,,,,,,,,,,,,,,,,,,,,,,,,,,,,,,,,,,nan,,,,,,,,,,,,,,,,,,,,,,,,,,,nan,
node,4920073523,,,POINT (119.7980852 31.2605697),,,,restaurant,,chinese,,,,,,Ресторан,,,,,,,,,,,,,,,,,,,,,,,,,,,,,,,,,,,,,,,,nan,,,,,,,,,,,,,,,,,,,,,,,,,,,nan,
node,6333788012,Wujing Hospital,,POINT (119.7950721 31.3613507),,,,hospital,,,,,,,,,hospital,,,,,,,,,,,,,,,,,,,,,,,,,,,,,,,,,,,,,,,nan,,,,,,,,,,,,,,,,,,,,,,,,,,,nan,
node,6356896686,兴隆广德火锅,,POINT (119.797793 31.3614843),无锡,,新城路,restaurant,,hotpot,,,,,,,,宜兴,214206,江苏省,,,,,,,,,,,,,,,,,,,,,,,,,,,,,,,,,,,,nan,,,,,,,,,,,,,,,,,,,,,,,,,,,nan,
node,6356896687,盛世桃园,,POINT (119.7979632 31.3637382),无锡,,新城路,restaurant,,chinese,,,,,,,,宜兴,214203,江苏,,,,,,,,,,,,,,,,,,,,,,,,,,,,,,,,,,,,nan,,,,,,,,,,,,,,,,,,,,,,,,,,,nan,
node,7004235525,,,POINT (119.8149742 31.2692849),,,,toilets,,,,,,,,,,,,,,,,,,,,,,,,,,,,,,,,,,,,,,,,,,,,,,,,nan,,,,,,,,,,,,,,,,,,,,,,,,,,,nan,
node,7004239079,,,POINT (119.8281624 31.2972772),,,,fuel,,,,,,,,,,,,,,,,,,,,,,,,,,,,,,,,,,,,,,,,,,,,,,,,nan,,,,,,,,,,,,,,,,,,,,,,,,,,,nan,
node,7004239142,,,POINT (119.700199 31.1748362),,,,marketplace,,,,,,,,,,,,,,,,,,,,,,,,,,,,,,,,,,,,,,,,,,,,,,,,nan,,,,,,,,,,,,,,,,,,,,,,,,,,,nan,
node,7004253456,,,POINT (119.8464334 31.3601588),,,,bicycle_rental,,,,,,,,,,,,,,,,,,,,,,,,,,,,,,,,,,,,,,,,,,,,,,,,nan,,,,,,,,,,,,,,,,,,,,,,,,,,,nan,
node,7004255225,,,POINT (119.9300662 31.479415),,,,bank,,,,,,,,,,,,,,,,ABC,yes,,,,,,,,,,,,,,,,,,,,,,,,,,,,,,,nan,,,,,,,,,,,,,,,,,,,,,,,,,,,nan,
node,7004255819,,,POINT (119.6670498 31.1789255),,,,restaurant,,,,,,,,,,,,,,,,,,,,,,,,,,,,,,,,,,,,,,,,,,,,,,,,nan,,,,,,,,,,,,,,,,,,,,,,,,,,,nan,
node,7004256860,,,POINT (119.9469139 31.4932549),,,,fuel,,,,,,,,,,,,,,,,Sinopec,,,,,,,,,,,,,,,,,,,,,,,,,,,,,,,,nan,,,,,,,,,,,,,,,,,,,,,,,,,,,nan,
node,7004257317,Four Seasons Bar,,POINT (119.7019804 31.1754608),,,,bar,,,,,,,,,,,,,,,,,,,,,,,,,,,,,,,,,,,,,,,,,,,,,,,,nan,,,,,,,,,,,,,,,,,,,,,,,,,,,nan,
node,7004258999,,,POINT (119.9266976 31.4762074),,,,bank,,,,,,,,,,,,,,,,ICBC,yes,,,,,,,,,,,,,,,,,,,,,,,,,,,,,,,nan,,,,,,,,,,,,,,,,,,,,,,,,,,,nan,
node,7004263933,,,POINT (119.8851376 31.4167428),,,,fuel,,,,,,,,,,,,,,,,,,,,,,,,,,,,,,,,,,,,,,,,,,,,,,,,nan,,,,,,,,,,,,,,,,,,,,,,,,,,,nan,
node,7004265096,,,POINT (119.6668599 31.1794586),,,,toilets,,,,,,,,,,,,,,,,,,,,,,,,,,,,,,,,,,,,,,,,,,,,,,,,nan,,,,,,,,,,,,,,,,,,,,,,,,,,,nan,
node,7010728197,,,POINT (119.7648302 31.2303107),,,,toilets,,,,,,,,,,,,,,,,,,,,,,,,,,,,,,,,,,,,,,,,,,,,,,,,nan,,,,,,,,,,,,,,,,,,,,,,,,,,,nan,
node,7295644473,,,POINT (119.7101755 31.2306442),,,,parking,,,,,,,,,,,,,,,,,,,,,,,,,,,,,,,,,,,,,,,,,,,,,,,,nan,,,,,,,,,,,,,,,,,,,,,,,,,,,nan,
node,7295763945,,,POINT (119.7968466 31.2274931),,,,fuel,,,,,,,,,,,,,,,,Sinopec,,,,,,,,,,,,,,,,,,,,,,,,,,,,,,,,nan,,,,,,,,,,,,,,,,,,,,,,,,,,,nan,
node,7296539324,,,POINT (119.6914681 31.2231926),,,,restaurant,,,,,,,,,,,,,,,,,,,,,,,,,,,,,,,,,,,,,,,,,,,,,,,,nan,,,,,,,,,,,,,,,,,,,,,,,,,,,nan,
node,7296540482,,,POINT (119.6921196 31.2232095),,,,toilets,,,,,,,,,,,,,,,,,,,,,,,,,,,,,,,,,,,,,,,,,,,,,,,,nan,,,,,,,,,,,,,,,,,,,,,,,,,,,nan,
node,7296542366,,,POINT (119.691338 31.2232148),,,,food_court,,,,,,,,,,,,,,,,,,,,,,,,,,,,,,,,,,,,,,,,,,,,,,,,nan,,,,,,,,,,,,,,,,,,,,,,,,,,,nan,
node,7296551977,,,POINT (119.6919023 31.2235659),,,,toilets,,,,,,,,,,,,,,,,,,,,,,,,,,,,,,,,,,,,,,,,,,,,,,,,nan,,,,,,,,,,,,,,,,,,,,,,,,,,,nan,
node,7296552638,,,POINT (119.7051243 31.23925),,,,fuel,,,,,,,,,,,,,,,,Sinopec,,,,,,,,,,,,,,,,,,,,,,,,,,,,,,,,nan,,,,,,,,,,,,,,,,,,,,,,,,,,,nan,
node,7296557607,,,POINT (119.6923103 31.2234519),,,,bicycle_rental,,,,,,,,,,,,,,,,,,,,,,,,,,,,,,,,,,,,,,,,,,,,,,,,nan,,,,,,,,,,,,,,,,,,,,,,,,,,,nan,
node,7296558493,,,POINT (119.6922617 31.2233106),,,,bicycle_rental,,,,,,,,,,,,,,,,,,,,,,,,,,,,,,,,,,,,,,,,,,,,,,,,nan,,,,,,,,,,,,,,,,,,,,,,,,,,,nan,
node,7296559296,,,POINT (119.8089514 31.2927025),,,,fuel,,,,,,,,,,,,,,,,,,,,,,,,,,,,,,,,,,,,,,,,,,,,,,,,nan,,,,,,,,,,,,,,,,,,,,,,,,,,,nan,
node,7298890294,,,POINT (119.7158115 31.2270172),,,,shelter,,,,,,,,,,,,,,,,,,,,,,,,,,,,,,,,,,,,,,,,,,,,,,,,nan,,,,,,,,,,,,,,,,,,,,,,,,,,,nan,
node,7305074264,,,POINT (119.7057974 31.2305734),,,,toilets,,,,,,,,,,,,,,,,,,,,,,,,,,,,,,,,,,,,,,,,,,,,,,,,nan,,,,,,,,,,,,,,,,,,,,,,,,,,,nan,
node,7305288314,,,POINT (119.6938723 31.2173342),,,,place_of_worship,,,,,,,,,,,,,,,,,,,,,,,,,,,,,,,,,,,,,,,,,,,,,,,,nan,,,,,,,,,,,,,,,,,,,,,,,,,,,nan,
node,7437068565,,,POINT (119.8145445 31.3641083),,,,parking,,,,,,,,,,,,,,,,,,,,,,,,,,,,,,,,,,,,,,,,,,,,,,,,nan,,,,,,,,,,,,,,,,,,,,,,,,,,,nan,
node,7630584234,,,POINT (119.8948461 31.2188016),,,,weighbridge,,,,,,,,,,,,,,,,,,,,,,,,,,,,,,,,,,,,,,,,,,,,,,,,nan,,,,,,,,,,,,,,,,,,,,,,,,,,,nan,
node,8219681955,宜兴人民药房(潢潼店),,POINT (119.7901686 31.3409081),,,,pharmacy,,,,,,,,,pharmacy,,,,,,,,,yes,,,,,,,,,,,,,,,,,,,,,,,,,,,,,,nan,,,,,,,,,,,,,,,,,,,,,,,,,,,nan,
node,8831880094,,,POINT (119.6733308 31.3405343),,,,place_of_worship,,,,,,,,,,,,,,,,,,,christian,,,,,,,,,,,,,,,,,,,,,,,,,,,,,nan,,,,,,,,,,,,,,,,,,,,,,,,,,,nan,
node,8831893392,,,POINT (119.6223699 31.2694299),,,,fuel,,,,,,,,,,,,,uSmile,,,,,,,,,,,,,,,,,,,,,,,,,,,,,,,,,,,nan,,,,,,,,,,,,,,,,,,,,,,,,,,,nan,
node,8831893393,,,POINT (119.6508976 31.3152791),,,,fuel,,,,,,,,,,,,,Sinopec,,,,,,,,,,,,,,,,,,,,,,,,,,,,,,,,,,,nan,,,,,,,,,,,,,,,,,,,,,,,,,,,nan,
node,8831894480,,,POINT (119.6742373 31.3413537),,,,fuel,,,,,,,,,,,,,,,,,,,,,,,,,,,,,,,,,,,,,,,,,,,,,,,,nan,,,,,,,,,,,,,,,,,,,,,,,,,,,nan,
node,8831898374,,,POINT (119.6229435 31.2727811),,,,fuel,,,,,,,,,,,,,Sinopec,,,,,,,,,,,,,,,,,,,,,,,,,,,,,,,,,,,nan,,,,,,,,,,,,,,,,,,,,,,,,,,,nan,
node,8831898578,,,POINT (119.6504078 31.2975434),,,,fuel,,,,,,,,,,,,,,,,,,,,,,,,,,,,,,,,,,,,,,,,,,,,,,,,nan,,,,,,,,,,,,,,,,,,,,,,,,,,,nan,
node,8831899639,,,POINT (119.6070955 31.2425346),,,,fuel,,,,,,,,,,,,,,,,,,,,,,,,,,,,,,,,,,,,,,,,,,,,,,,,nan,,,,,,,,,,,,,,,,,,,,,,,,,,,nan,
node,8831900416,,,POINT (119.7678008 31.394656),,,,fuel,,,,,,,,,,,,,SuOil,,,,,,,,,,,,,,,,,,,,,,,,,,,,,,,,,,,nan,,,,,,,,,,,,,,,,,,,,,,,,,,,nan,
node,9828488271,宜兴市闸口邮政支局,,POINT (119.9130598 31.5250297),,,,post_office,,,,,,,,,,,,,,,,,,,,中国邮政,,,,,,,,,,,,,,,,,,,,,,,,,,,,nan,,,,,,,,,,,,,,,,,,,,,,,,,,,nan,
node,11307441775,蔚来换电站,,POINT (119.8564635 31.3531319),,,,charging_station,,,,,,,,,,,,,NIO Power,NIO Power,Q29921278,NIO Power Swap,,,,,,蔚来换电站,,,,,,,,,,,,,,,,,,,,,,,,,,nan,,,,,,,,,,,,,,,,,,,,,,,,,,,nan,
node,11390859090,蔚来换电站,,POINT (119.8313604 31.3599284),,,,charging_station,,,,,,,,,,,,,NIO Power,NIO Power,Q29921278,NIO Power Swap,,,,,,蔚来换电站,,,,,,,,,,,,,,,,,,,,,,,,,,nan,,,,,,,,,,,,,,,,,,,,,,,,,,,nan,
node,12079960338,,,POINT (119.6947845 31.2841644),,,,shelter,,,,,,,,,,,,,,,,,,,,,,,gazebo,,,,,,,,,,,,,,,,,,,,,,,,,nan,,,,,,,,,,,,,,,,,,,,,,,,,,,nan,
node,12079960339,,,POINT (119.6918756 31.2832792),,,,shelter,,,,,,,,,,,,,,,,,,,,,,,gazebo,,,,,,,,,,,,,,,,,,,,,,,,,nan,,,,,,,,,,,,,,,,,,,,,,,,,,,nan,
node,12080029302,,,POINT (119.8614089 31.2674118),,,,toilets,,,,,,,,,,,,,,,,,,,,,,,,,,,,,,,,,,,,,,,,,,,,,,,,nan,,,,,,,,,,,,,,,,,,,,,,,,,,,nan,
node,12080029340,,,POINT (119.8614314 31.2685439),,,,toilets,,,,,,,,,,,,,,,,,,,,,,,,,,,,,,,,,,,,,,,,,,,,,,,,nan,,,,,,,,,,,,,,,,,,,,,,,,,,,nan,
node,12688250501,茶洲饭店,,POINT (119.7077406 31.2270406),,,,restaurant,,,,,,,,,,,,,,,,Chazhou Restaurant,,,,,,,,,,,,,,,,,,,,,,,,,,,,,,,,nan,,,,,,,,,,,,,,,,,,,,,,,,,,,nan,
node,12759577172,九洲饭庄,,POINT (119.8050528 31.3507891),,105,东山西路,restaurant,,chinese,,,,,,,,,214200,,,,,,,,,,,,,yes,yes,yes,yes,yes,yes,yes,0510-87980877,,,,,,,,,,,,,,,,,nan,,,,,,,,,,,,,,,,,,,,,,,,,,,nan,
node,12759654739,,,POINT (119.8040872 31.3444703),,,,waste_basket,,,,,,,,,,,,,,,,,,,,,,,,,,,,,,,,,,,,,,,,,,,,,,,,nan,,,,,,,,,,,,,,,,,,,,,,,,,,,nan,
node,12759654740,,,POINT (119.804072 31.3444812),,,,recycling,,,,,,,,,,,,,,,,,,,,,,,,,,,,,,,,container,,,,,,,,,,,,,,,,nan,,,,,,,,,,,,,,,,,,,,,,,,,,,nan,
node,12759654762,,,POINT (119.8004865 31.3444713),,,,parking,80,,,,,,,,,,,,,,,,,,,,,,,,,,,,,,,,80,,,,,,,,,,,,,,,nan,,,,,,,,,,,,,,,,,,,,,,,,,,,nan,
node,12761885629,锦绣菜场(Macket),,POINT (119.8104219 31.3576068),,,,marketplace,,,,,,,,,,,,,,,,,,,,,,,,,,,,,,,,,,,,,,,,,,,,,,,,nan,,,,,,,,,,,,,,,,,,,,,,,,,,,nan,
node,12761885662,,,POINT (119.8061416 31.3507143),,,,bicycle_rental,,,,,,,,,,,,,,,,,,,,,,,,,,,,,,,,,,,,,,,,,,,,,,,,nan,,,,,,,,,,,,,,,,,,,,,,,,,,,nan,
node,12761933727,上海浦东发展银行,,POINT (119.8035773 31.352264),,,,bank,,,,,,,,,,,,,上海浦东发展银行,Shanghai Pudong Development Bank,Q1479076,Shanghai Pudong Development Bank,,,,,上海浦东发展银行,上海浦东发展银行,,,,,,,,,,,,,,,,,,,,,,,,,,nan,,,,,,,,,,,,,,,,,,,,,,,,,,,nan,
node,12761933728,,,POINT (119.8036162 31.3523937),,,,atm,,,,,,,,,,,,,上海浦东发展银行,Shanghai Pudong Development Bank,Q1479076,,,,,上海浦东发展银行,上海浦东发展银行,,,,,,,,,,,,,Q1479076,,,,,,,,,,,,,,nan,,,,,,,,,,,,,,,,,,,,,,,,,,,nan,
node,12761933729,中国建设银行,,POINT (119.8022551 31.3520892),,,,bank,,,,,,,,,,,,,中国建设银行,China Construction Bank,Q26299,China Construction Bank,,,,,中国建设银行,中国建设银行,,,,,,,,,,,,,,,,,,,,,,,,,,nan,,,,,,,,,,,,,,,,,,,,,,,,,,,nan,
node,12761933730,中国建设银行,,POINT (119.8022404 31.3523277),,,,atm,,,,,,,,,,,,,中国建设银行,China Construction Bank,Q26299,,,,,中国建设银行,中国建设银行,,,,,,,,,,,,,Q26299,,,,,,,,,,,,,,nan,,,,,,,,,,,,,,,,,,,,,,,,,,,nan,
node,12761938421,,,POINT (119.803466 31.3511007),,,,parking,,,,,,,,,,,,,,,,,,,,,,,,,,,,,,,,,,,yes,-1,underground,,,,,,,,,,,nan,,,,,,,,,,,,,,,,,,,,,,,,,,,nan,
node,12761938530,肯德基,,POINT (119.7932566 31.335144),,,,fast_food,,chicken,,,,,yes,,,,,,肯德基,KFC,Q524757,KFC,,,,,肯德基,肯德基,,,,,,,,,,,,,,,,,,,,,,,,,,nan,,,,,,,,,,,,,,,,,,,,,,,,,,,nan,
node,12761938533,,,POINT (119.791394 31.3366406),,,,post_box,,,,,,,,,,,,,菜鸟驿站,CAI NIAO,Q16947973,,,,,菜鸟驿站,菜鸟驿站,,,,,,,,,,,,,Q16947973,,,,,,,,,,,,,,nan,,,,,,,,,,,,,,,,,,,,,,,,,,,nan,
node,12761938599,中国石化,,POINT (119.7972187 31.3351452),,,,fuel,,,,,,,,,,,,,,,,,,,,,,,,,,,,,,,,,,,,,,,,,,,,,,,,nan,,,,,,,,,,,,,,,,,,,,,,,,,,,nan,
node,12761938609,中石油,,POINT (119.7985048 31.3374747),,,,fuel,,,,,,,,,,,,,,,,,,,,,,,,,,,,,,,,,,,,,,,,,,,,,,,,nan,,,,,,,,,,,,,,,,,,,,,,,,,,,nan,
node,12847058390,淋浴,,POINT (119.6303536 31.2320355),,,,shower,,,,,,,,,,,,,,,,,,,,,,,,,,,,,,,,,,,,,,,,,,,,,,,,nan,,,,,,,,,,,,,,,,,,,,,,,,,,,nan,
node,12847058391,洗手间,,POINT (119.630249 31.2321616),,,,toilets,,,,,,,,,,,,,,,,,,,,,,,,,,,,,,,,,,,,,,,,,,,,,,,,nan,,,,,,,,,,,,,,,,,,,,,,,,,,,nan,
node,12847058392,洗手间,,POINT (119.6337613 31.2344126),,,,toilets,,,,,,,,,,,,,,,,,,,,,,,,,,,,,,,,,,,,,,,,,,,,,,,,nan,,,,,,,,,,,,,,,,,,,,,,,,,,,nan,
node,12866486583,,,POINT (119.8042349 31.3502886),,,,waste_basket,,,,,,,,,,,,,,,,,,,,,,,,,,,,,,,,,,,,,,,,,,,,,,,,nan,,,,,,,,,,,,,,,,,,,,,,,,,,,nan,
node,13089007449,善卷洞,,POINT (119.6683832 31.2997642),,,,place_of_worship,,,,,,,,,,,,,,,,,,,shinto,,,,,,,,,,,,,,,,,,,,,,,,,,,,,nan,,,,,,,,,,,,,,,,,,,,,,,,,,,nan,
node,13173421729,,,POINT (119.8033777 31.3513057),,,,parking,,,,,,,,,,,,,,,,,,,,,,,,,,,,,,,,,,,permissive,-1,underground,,,,,,,,,,,nan,,,,,,,,,,,,,,,,,,,,,,,,,,,nan,
node,13173421733,,,POINT (119.8036799 31.3513867),,,,restaurant,,chinese,,,,,,,,,,,,,,,,,,,,,,,,,,,,,,,,,,,,,,,,,,,,,,nan,,,,,,,,,,,,,,,,,,,,,,,,,,,nan,
node,13227988007,Nanxin Petrol Station,,POINT (119.8456492 31.5019844),,,,fuel,,,,,,,,,,,,,中国石油,PetroChina,Q503182,PetroChina,,,,,中国石油,中国石油,,,,,,,,,15190399694,,,,,,,yes,yes,yes,no,,,,,,,nan,,,,,,,,,,,,,,,,,,,,,,,,,,,nan,
node,13227988008,Shell,,POINT (119.8678488 31.4963284),,,,fuel,,,,,,,,,,,,,Shell,,Q110716465,,,,,,,,,,,,,,,,(0510)87871850,,,,,,,yes,yes,yes,,yes,,,,,,nan,,,,,,,,,,,,,,,,,,,,,,,,,,,nan,
node,13251940133,宜兴湖㳇周跃小馄饨,,POINT (119.8024689 31.345206),,,,restaurant,,chinese;breakfast,,,,,,,,,,,,,,,,,,,,,,,,,yes,,,,,,,,,,,,,,,,,,,,,nan,,,,,,,,,,,,,,,,,,,,,,,,,,,nan,
node,13251940134,江湖味道,,POINT (119.8031757 31.3450468),,,,restaurant,,chinese,,,,,,,,,,,,,,,,,,,,,,,,,,,,,,,,,,,,,,,,,,,,,,nan,,,,,,,,,,,,,,,,,,,,,,,,,,,nan,
node,13251940135,谢桥餐馆,,POINT (119.8036002 31.3448434),,,,restaurant,,chinese,,,,,,,,,,,,,,,,,,,,,,,,,,,,,,,,,,,,,,,,,,,,,,nan,,,,,,,,,,,,,,,,,,,,,,,,,,,nan,
node,13251940136,手工包子,,POINT (119.8041639 31.3444697),,,,restaurant,,chinese;breakfast,,,,,,,,,,,,,,,,,,,,,,,,,,,,,,,,,,,,,,,,,,,,,,nan,,,,,,,,,,,,,,,,,,,,,,,,,,,nan,
node,13251940137,老街水饺,,POINT (119.8041996 31.3444381),,,,restaurant,,chinese,,,,,,,,,,,,,,,,,,,,,,,,,,,,,,,,,,,,,,,,,,,,,,nan,,,,,,,,,,,,,,,,,,,,,,,,,,,nan,
node,13251943145,无锡晴蓝护理院,,POINT (119.8117027 31.3439522),,,,social_facility,,,,,,,,,,,,,,,,,,,,,,,,,,,,,,,,,,,,,,,,,,,,nursing_home,senior,,,nan,,,,,,,,,,,,,,,,,,,,,,,,,,,nan,
node,13251943181,文峰社区居民委员会,,POINT (119.8028025 31.3459638),,,,townhall,,,,,,,,,,,,,,,,,,,,,,,,,,,,,,,,,,,,,,,,,,,,,,government,,nan,,,,,,,,,,,,,,,,,,,,,,,,,,,nan,
node,13251943211,,,POINT (119.8035156 31.3505117),,,,waste_disposal,,,,,,,,,,,,,,,,,,,,,,,,,,,,,,,,,,,,,,,,,,,,,,,,nan,,,,,,,,,,,,,,,,,,,,,,,,,,,nan,
node,13251943212,,,POINT (119.8044616 31.3510556),,,,restaurant,,chinese,,,,,,,,,,,,,,,,,,,,,,,,,,,,,,,,,,,,,,,,,,,,,,nan,,,,,,,,,,,,,,,,,,,,,,,,,,,nan,
way,279280344,大觉寺,,"POLYGON ((119.5803651 31.2329366, 119.5803907 31.2324745, 119.5811902 31.2325069, 119.5811645 31.2329691, 119.5803651 31.2329366))",,,,place_of_worship,,,,,,,,,,,,,,,,,,,buddhist,,,,,,,,,,,,,,,,,,,,,,,,,,,,,"[2835039858, 2835039859, 2835039860, 2835039861, 2835039858]",yes,,,,,,,,,,,,,,,,,,,,,,,,,,nan,
way,429825157,,,"POLYGON ((119.6303839 31.2665322, 119.6306682 31.2663173, 119.6309659 31.2661774, 119.6311349 31.266143, 119.6312556 31.266143, 119.6314702 31.2663058, 119.6316258 31.2665374, 119.6319476 31.267232, 119.6302659 31.2676493, 119.6302625 31.2674539, 119.6303195 31.2672802, 119.6302511 31.2666256, 119.6303839 31.2665322))",,,,hospital,,,,,,,,,,,,,,,,,,,,,,,,,,,,,,,,,,,,,,,,,,,,,,,,"[4290256131, 4290256119, 4290256108, 4290256103, 4290256104, 4290256118, 4290256133, 4290256147, 4290256153, 4290434437, 4290256148, 4290256139, 4290256131]",,,,,,,,,,,,,,,,,,,,,,,,,,,nan,
way,429836907,宜兴市张渚高级中学,,"POLYGON ((119.6246869 31.2764021, 119.6250087 31.2771242, 119.6251804 31.2771265, 119.6251858 31.2774291, 119.6257785 31.2787541, 119.6265148 31.2785902, 119.6283803 31.2782292, 119.6280779 31.2769317, 119.6279853 31.2769076, 119.6279303 31.2766222, 119.6280095 31.2766073, 119.6279424 31.2763379, 119.6271445 31.2764354, 119.6269969 31.2756078, 119.6268038 31.2756284, 119.6266174 31.2746599, 119.6265289 31.2746943, 119.626435 31.274496, 119.6262875 31.2744971, 119.6255982 31.2746851, 119.6254466 31.2747057, 119.625169 31.2747619, 119.6251382 31.2746129, 119.6245762 31.2746393, 119.6246782 31.2750553, 119.6247573 31.2751516, 119.6247814 31.2753235, 119.6252213 31.2753705, 119.6252991 31.2757946, 119.6251543 31.2762485, 119.6246869 31.2764021))",,,,school,,,,,,,,,,,,,,,,,,,,,,,,,,,,,,,,,,,,,,,,,,,,,,,,"[4290359234, 4290359258, 4290359259, 4290359265, 4290359298, 4290359293, 4290359284, 4290359254, 4290359253, 4290359242, 4290359241, 4290359230, 4290359235, 4290359222, 4290359223, 4290359196, 4290359198, 4290359191, 4290359192, 4290359197, 4290359200, 4290359202, 4290359193, 4290359194, 4290359207, 4290359208, 4290359215, 4290359218, 4290359226, 4290359227, 4290359234]",,,,,,,,,,,,,,,,,,,,,,,,,,,nan,
way,429844091,张渚中心幼儿园,,"POLYGON ((119.6292205 31.2720826, 119.6302545 31.2720711, 119.6302585 31.2720424, 119.6312952 31.2720745, 119.6312576 31.2728528, 119.6292379 31.2728139, 119.6292205 31.2720826))",,,,kindergarten,,,,,,,,,,,,,,,,,,,,,,,,,,,,,,,,,,,,,,,,,,,,,,,,"[4290434449, 4290434447, 4290434446, 4290434448, 4290434453, 4290434451, 4290434449]",,,,,,,,,,,,,,,,,,,,,,,,,,,nan,
way,429847367,宜兴市桃溪中学,,"POLYGON ((119.6237796 31.2593473, 119.6250751 31.2589748, 119.6251999 31.2593175, 119.624998 31.2593743, 119.625051 31.2595182, 119.6256458 31.25938, 119.6258831 31.2597056, 119.6260843 31.2599383, 119.6260468 31.2599624, 119.6260843 31.2602639, 119.6261876 31.260445, 119.6262265 31.260531, 119.6247378 31.2608749, 119.6242001 31.2609265, 119.6238058 31.259615, 119.6237776 31.2594798, 119.6237796 31.2593473))",,,,school,,,,,,,,,,,,,,,,,,,,,,,,,,,,,,,,,,,,,,,,,,,,,,,,"[4290467212, 4290467208, 4290467210, 4290467213, 4290467221, 4290467214, 4290467227, 4290467230, 4290467231, 4290467234, 4290467236, 4290467237, 4290467241, 4290467242, 4290467225, 4290467219, 4290467212]",,,,,,,,,,,,,,,,,,,,,,,,,,,nan,
way,429847373,桃溪实验小学,,"POLYGON ((119.6317672 31.2616184, 119.6326604 31.261553, 119.6326457 31.2613742, 119.6329219 31.2612687, 119.632639 31.2608617, 119.6325223 31.2608331, 119.6324552 31.2607494, 119.6323761 31.2600845, 119.6323976 31.2599068, 119.6324753 31.2598036, 119.6324365 31.2595881, 119.6307493 31.2596706, 119.6309478 31.2614395, 119.6317552 31.2614166, 119.6317672 31.2616184))",,,,school,,,,,,,,,,,,,,,,,,,,,,,,,,,,,,,,,,,,,,,,,,,,,,,,"[4290467249, 4290467247, 4290467244, 4290467243, 4290467240, 4290467239, 4290467238, 4290467232, 4290467229, 4290467228, 4290467223, 4290467226, 4290467246, 4290467245, 4290467249]",,,,,,,,,,,,,,,,,,,,,,,,,,,nan,
way,440269496,,,"POLYGON ((119.7120824 31.5098168, 119.7121368 31.5101297, 119.712321 31.5101064, 119.7122665 31.5097935, 119.7120824 31.5098168))",,,,parking,,,,,,,,,,,,,,,,,,,,,,,,,,,,,,,,,,,private,,surface,,,,,,,,,,,"[4379976817, 4379976823, 4379976822, 4379976816, 4379976817]",,,,,,,,,,,,,,,,,,,,,,,,,,,nan,
way,440269769,官林幼儿园,,"POLYGON ((119.7116567 31.5063804, 119.7128771 31.5060591, 119.7131064 31.506728, 119.7118914 31.5070619, 119.7116567 31.5063804))",,,,kindergarten,,,,,,,,,,,,,,,,,,,,,,,,,,,,,,,,,,,,,,,,,,,,,,,,"[4379980359, 4379980358, 4379980360, 4379980361, 4379980359]",,,,,,,,,,,,,,,,,,,,,,,,,,,nan,
way,440272212,宜兴市官林中学,,"POLYGON ((119.7077581 31.5075202, 119.7075985 31.5070587, 119.7076629 31.5069192, 119.7079606 31.5067717, 119.708131 31.5065041, 119.7085132 31.5062526, 119.7083898 31.505945, 119.7082409 31.5057301, 119.708949 31.5047856, 119.7093001 31.5046489, 119.7094712 31.5048572, 119.7094841 31.5048728, 119.7102217 31.5041387, 119.7102667 31.5042368, 119.7103672 31.5044689, 119.7107186 31.5054316, 119.711417 31.5074542, 119.7113349 31.5074744, 119.7092555 31.507986, 119.7091522 31.5076967, 119.7079935 31.5074612, 119.7077581 31.5075202))",,,,school,,,,,,,,,,,,,,,,,,,,,,,,,,,,,,,,,,,,,,,,,,,,,,,,"[4380016791, 4380009978, 4380009973, 4380009966, 4380009961, 4380009955, 4380009948, 4380009947, 4380009946, 4380009945, 4380007708, 4379980354, 4379980329, 4380007696, 4380007703, 4380007719, 4380016789, 4380016790, 4380007763, 4380007761, 4380007756, 4380016791]",,,,,,,,,,,,,,,,,,,,,,,,,,,nan,
way,440702396,,,"POLYGON ((119.9430972 31.3616527, 119.943274 31.3622214, 119.9434916 31.3623919, 119.9435783 31.3623597, 119.9435832 31.3620481, 119.9436143 31.3617728, 119.943706 31.3613872, 119.9434065 31.3614738, 119.9430972 31.3616527))",,,,fuel,,,,,,,,,,,,,,,,,,,,,,,,,,,,,,,,,,,,,,,,,,,,,,,,"[4384835868, 4384835882, 4384835885, 4384835884, 4384835879, 4384835872, 4384835860, 4384835862, 4384835868]",,,,,,,,,,,,,,,,,,,,,,,,,,,nan,
way,440892685,宜兴市屺亭中学,,"POLYGON ((119.8670158 31.438922, 119.8684382 31.4393222, 119.8685642 31.4390229, 119.8684654 31.4389931, 119.8686592 31.4384756, 119.8686126 31.4384673, 119.8686592 31.4382507, 119.8687968 31.4379498, 119.8682653 31.4377364, 119.8678743 31.4375794, 119.8676863 31.4379779, 119.8674789 31.4379085, 119.8670158 31.438922))",,,,school,,,,,,,,,,,,,,,,,,,,,,,,,,,,,,,,,,,,,,,,,,,,,,,,"[4386654757, 4386654763, 4386654759, 4386654758, 4386654756, 4386654755, 4386654754, 4386654752, 4393032048, 4386654749, 4386654753, 4386654751, 4386654757]",,,,,,,,,,,,,,,,,,,,,,,,,,,nan,
way,440904806,,,"POLYGON ((119.782422 31.3302804, 119.7826173 31.3298078, 119.7832865 31.3299933, 119.7831758 31.3302938, 119.7831988 31.3304855, 119.782422 31.3302804))",,,,fuel,,,,,,,,,,,,,,,,,,,,,,,,,,,,,,,,,,,,,,,,,,,,,,,,"[4386748567, 4386748555, 4386748558, 4386748568, 4386748574, 4386748567]",,,,,,,,,,,,,,,,,,,,,,,,,,,nan,
way,441105177,宜兴市徐舍中学,,"POLYGON ((119.6587906 31.3968836, 119.6596818 31.3967685, 119.6597084 31.3969367, 119.6603564 31.3967518, 119.6603439 31.3966882, 119.6613257 31.3964775, 119.6616186 31.3963518, 119.6613523 31.3946091, 119.6582119 31.3950864, 119.6581817 31.3951471, 119.658361 31.3959866, 119.658661 31.3959426, 119.6587906 31.3968836))",,,,school,,,,,,,,,,,,,,,,,,,,,,,,,,,,,,,,,,,,,,,,,,,,,,,,"[4388661850, 4388661845, 4388661852, 4388661843, 4388661839, 4388661831, 4388661826, 4388661795, 4388661801, 4388661803, 4388661818, 4388661817, 4388661850]",,,,,,,,,,,,,,,,,,,,,,,,,,,nan,
way,441106918,徐舍基督教堂,,"POLYGON ((119.6566613 31.3981994, 119.6569932 31.3980889, 119.6571996 31.3985932, 119.6568023 31.398708, 119.6567036 31.3984816, 119.6567818 31.3984553, 119.6566613 31.3981994))",,,,place_of_worship,,,,,,,,,,,,,,,,,,,christian,,,,,,,,,,,,,,,,,,,,,,,,,,,,,"[4388676959, 4388676955, 4388676963, 4388676964, 4388676962, 4388676961, 4388676959]",,,,,,,,,,,,,,,,,,,,,,,,,,,nan,
way,441378520,,,"POLYGON ((119.8379022 31.4170383, 119.8382066 31.4172958, 119.8389496 31.4169399, 119.8384735 31.4165576, 119.8384198 31.4166869, 119.8379263 31.4170028, 119.8379022 31.4170383))",,,,fuel,,,,,,,,,,,,,,,,,,,,,,,,,,,,,,,,,,,,,,,,,,,,,,,,"[4391354617, 4391354619, 4391354614, 4391354607, 4391354609, 4391354616, 4391354617]",,,,,,,,,,,,,,,,,,,,,,,,,,,nan,
way,441378521,,,"POLYGON ((119.83879 31.4164157, 119.8392379 31.416798, 119.8392956 31.4167339, 119.839596 31.4165988, 119.8392781 31.4161742, 119.8388463 31.4163756, 119.83879 31.4164157))",,,,fuel,,,,,,,,,,,,,,,,,,,,,,,,,,,,,,,,,,,,,,,,,,,,,,,,"[4391354606, 4391354611, 4391354610, 4391354608, 4391354602, 4391354605, 4391354606]",,,,,,,,,,,,,,,,,,,,,,,,,,,nan,
way,441562687,千禧缘大酒店,,"POLYGON ((119.8218893 31.3995217, 119.822474 31.4005989, 119.822786 31.4004755, 119.8227395 31.4003928, 119.8232129 31.4001948, 119.8232113 31.4000786, 119.8227288 31.3991897, 119.8218893 31.3995217))",,,,restaurant,,chinese,,,,,,,,,,,,,,,,,,,,,,,,,,,,,,,,,,,,,,,,,,,,,,"[4393066003, 4393066008, 4393066007, 4393066006, 4393066005, 4393066004, 4393066002, 4393066003]",yes,,,,,,,,,,,,,,,,,,,,,,,,,,nan,
way,441584805,宜兴市实验小学,,"POLYGON ((119.847461 31.374269, 119.8490408 31.3738487, 119.8503081 31.3751472, 119.8507614 31.3757403, 119.8507024 31.3762384, 119.850351 31.3764032, 119.8496604 31.3767296, 119.8494243 31.376338, 119.8490153 31.3758388, 119.847461 31.374269))",,,,school,,,,,,,,,,,,,,,,,,,,,,,,,,,,,,,,,,,,,,,,,,,,,,,,"[4393251323, 4393251322, 4393251324, 4393251325, 4393251327, 4393251329, 4393251330, 4393251328, 4393251326, 4393251323]",,,,,,,,,,,,,,,,,,,,,,,,,,,nan,
way,442142706,宜兴市和桥高级中学,,"POLYGON ((119.8846465 31.4680291, 119.8865377 31.4666908, 119.8867923 31.4667066, 119.8872526 31.4671783, 119.8877162 31.467663, 119.8882165 31.4682333, 119.8886922 31.4689329, 119.8886624 31.469115, 119.8870696 31.4698044, 119.8865974 31.4699102, 119.8857508 31.4700029, 119.8855699 31.4698875, 119.8854834 31.4693653, 119.8854095 31.4691436, 119.8852807 31.4689382, 119.885152 31.4687796, 119.8846179 31.4682264, 119.8846465 31.4680291))",,,,school,,,,,,,,,,,,,,,,,,,,,,,,,,,,,,,,,,,,,,,,,,,,,,,,"[4398376202, 4398376175, 4398376176, 4398376188, 4398376195, 4398376204, 4398376208, 4398376211, 4398376217, 4398376219, 4398376220, 4398376218, 4398376213, 4398376212, 4398376209, 4398376207, 4398376203, 4398376202]",,,,,,,,,,,,,,,,,,,,,,,,,,,nan,
way,443312009,,,"POLYGON ((119.8030924 31.3450697, 119.8031458 31.3451679, 119.8038849 31.3447941, 119.8038293 31.3447163, 119.8030924 31.3450697))",,,,restaurant,,,,,,,,,,,,,,,,,,,,,,,,,,,,,,,,,,,,,,,,,,,,,,,,"[4409153194, 4409153196, 4409153190, 4409153189, 4409153194]",yes,,,,,,,,,,,,,,,,,,,,,,,,,,nan,
way,443528753,武警医院,,"POLYGON ((119.7933718 31.3594154, 119.793661 31.3594238, 119.7936658 31.3593046, 119.7927547 31.3592782, 119.7927499 31.3593974, 119.7930552 31.3594063, 119.793053 31.3594621, 119.7933696 31.3594713, 119.7933718 31.3594154))",无锡,,,hospital,,,,,,,,,hospital,宜兴,,江苏省,,,,,,,,,,,,,,,,,,,,,,,,,,,,,,,,,,,,"[4411006454, 4411006455, 4411006451, 4411006450, 4411006452, 4411006453, 4411006456, 4411006457, 4411006454]",,,,,,,,,,,,,,,,,,,,,,,,,,,nan,
way,443583682,,,"POLYGON ((119.8356728 31.349759, 119.8356314 31.3494212, 119.8361284 31.349326, 119.8362727 31.3497285, 119.8356728 31.349759))",,,,fuel,,,,,,,,,,,,,,,,,,,,,,,,,,,,,,,,,,,,,,,,,,,,,,,,"[4411414029, 4411414014, 4411414013, 4411414028, 4411414029]",,,,,,,,,,,,,,,,,,,,,,,,,,,nan,
way,443602239,宜兴开放大学,,"POLYGON ((119.8322776 31.3498175, 119.8321851 31.3479483, 119.8320242 31.3454766, 119.8319719 31.3453907, 119.8279673 31.345519, 119.8282154 31.3497098, 119.8282503 31.3497991, 119.828497 31.3499366, 119.8308386 31.3498495, 119.8322776 31.3498175))",,,,university,,,,,,,,,,,,,,,,,,,,,,,,,,,,,,,,,,,,,,,,,,,,,,,,"[4411571403, 4411571370, 4411571324, 4411571323, 4411571325, 4411571401, 4411571402, 4411571405, 4411571404, 4411571403]",,,,,,,,,,,,,,,,,,,,,,,,,,,nan,
way,443602262,无锡工艺职业技术学院,,"POLYGON ((119.827573 31.3375526, 119.8276106 31.3374942, 119.8276696 31.3374679, 119.8277434 31.3374598, 119.828485 31.3374392, 119.8308507 31.3371895, 119.8314179 31.3374289, 119.8323493 31.3391346, 119.8322006 31.3393987, 119.8315476 31.3400325, 119.8314767 31.3404812, 119.8321229 31.3413058, 119.8371069 31.3411604, 119.8376744 31.3427975, 119.8382946 31.3451153, 119.8319719 31.3453907, 119.8279673 31.345519, 119.8278214 31.3425714, 119.8278127 31.3423947, 119.8276915 31.3398063, 119.827646 31.339082, 119.827573 31.3375526))",,,,college,,,,,,,,,,,,,,,,,,,,,,,,,,,,,,,,,,,,,,,,,,,,,,,,"[4411571299, 4411571298, 4411571297, 4411571296, 4411571295, 4411571293, 12047227409, 12047227408, 4411571301, 4411571307, 4411571310, 4411571318, 4411571319, 12047227407, 4411571322, 4411571323, 4411571325, 4412605435, 4412605427, 12347025989, 12347025996, 4411571299]",,,,,,,,,,,,,,,,,,,,,,,,,,,nan,
way,443604799,宜兴市国画院,,"POLYGON ((119.8215977 31.326795, 119.8216997 31.3263184, 119.8216514 31.3261535, 119.8216702 31.3261122, 119.8217935 31.3261214, 119.8227296 31.3256334, 119.8227752 31.3255578, 119.8232875 31.3254592, 119.8233358 31.3256013, 119.8236121 31.3258258, 119.8237811 31.3258969, 119.8243255 31.3260137, 119.8240225 31.3287333, 119.8237247 31.3287219, 119.8225365 31.3290518, 119.8223997 31.3291182, 119.8221503 31.3287998, 119.8220027 31.3286509, 119.8218579 31.3285569, 119.8217479 31.3281147, 119.8217613 31.3278627, 119.8216916 31.3276748, 119.8215977 31.326795))",,,,studio,,,,,,,,,,,,,,,,,,,,,,,,,,,,,,,,,,,,,,,,,,,,,,,,"[4411589081, 4411589080, 4411589079, 4411589077, 4411589078, 4411589073, 4411589071, 4411589070, 4411589072, 4411589074, 4411589075, 4411589076, 4411592792, 4411592791, 4411592794, 4411592795, 4411592793, 4411592790, 4411592789, 4411589087, 4411589085, 4411589084, 4411589081]",,,,,,,,,,,,,,,,,,,,,,,,,,,nan,
way,443685648,,,"POLYGON ((119.820142 31.3537927, 119.8210835 31.3538087, 119.8210499 31.3544867, 119.8209614 31.3544959, 119.820952 31.3547765, 119.8201192 31.3547604, 119.820142 31.3537927))",,,,parking,,,,,,,,,,,,,,,,,,,,,,,,,,,,,,,,,,,,,surface,,,,,,,,,,,"[4412467417, 4412467418, 4412467419, 4412467420, 4412467423, 4412467422, 4412467417]",,,,,,,,,,,,,,,,,,,,,,,,,,,nan,
way,443698831,,,"POLYGON ((119.8056486 31.3432797, 119.8057377 31.3437233, 119.8064726 31.3436156, 119.8063836 31.343172, 119.8056486 31.3432797))",,,,parking,,,,,,,,,,,,,,,,,,,,,,,,,,,,,,,,,,,,,,,,,,,,,,,,"[4412562841, 4412562850, 4412562849, 4412562835, 4412562841]",,,,,,,,,,,,,,,,,,,,,,,,,,,nan,
way,443708427,,,"POLYGON ((119.7897022 31.3405123, 119.7896989 31.3403464, 119.7888116 31.3403595, 119.788838 31.340081, 119.7900943 31.3400624, 119.7901033 31.3405063, 119.7897022 31.3405123))",,,,parking,,,,,,,,,,,,,,,,,,,,,,,,,,,,,,,,,,,private,,surface,,,,,,,,,,,"[4412613550, 8219681914, 8219681915, 4412613522, 4412613521, 4412613549, 4412613550]",,,,,,,,,,,,,,,,,,,,,,,,,,,nan,
way,443732130,,,"POLYGON ((119.8269662 31.3552492, 119.8270803 31.3548842, 119.8285001 31.3552028, 119.8285064 31.3551796, 119.8288224 31.3552538, 119.8291049 31.3560132, 119.8290905 31.3560456, 119.828913 31.356007, 119.8288804 31.356123, 119.8286884 31.3560781, 119.8286721 31.3561261, 119.8281053 31.3559992, 119.8280908 31.3560487, 119.8276834 31.355976, 119.8277467 31.3557487, 119.8274679 31.3556791, 119.8275186 31.355509, 119.8272668 31.3554425, 119.8272976 31.3553327, 119.8269662 31.3552492))",,,,parking,1200,,,,,,,,,,,,,,,,,,,,,,,,,,,,,,,,1200,,,,surface,,,,,,,,,,,"[4412794109, 4412794106, 4412794108, 4412794107, 4412794110, 4412794119, 4412794120, 4412794118, 4412794123, 4412794122, 4412794124, 4412794117, 4412794121, 4412794116, 4412794115, 4412794114, 4412794113, 4412794112, 4412794111, 4412794109]",,,,,,,,,,,,,,,,,,,,,,,,,,,nan,
way,443875753,大塍小学,,"POLYGON ((119.8964649 31.38453, 119.8950219 31.3830645, 119.8959915 31.3822734, 119.8975311 31.3838007, 119.8974413 31.3838717, 119.8973165 31.383882, 119.8964649 31.38453))",,,,school,,,,,,,,,,,,,,,,,,,,,,,,,,,,,,,,,,,,,,,,,,,,,,,,"[4414076788, 4414076769, 4414076754, 4414076781, 4414076782, 4414076783, 4414076788]",,,,,,,,,,,,,,,,,,,,,,,,,,,nan,
way,443878603,江苏省宜兴中学,,"POLYGON ((119.8607855 31.3715541, 119.8644226 31.3711121, 119.8649899 31.3709208, 119.8633604 31.3675188, 119.8633846 31.3674387, 119.8633779 31.3674009, 119.8632947 31.3673585, 119.8597395 31.3689124, 119.8596617 31.3689857, 119.8596268 31.3691895, 119.8607855 31.3715541))",,,,school,,,,,,,,,,,,,,,,,,,,,,,,,,,,,,,,,,,,,,,,,,,,,,,,"[4414099918, 4414099914, 4414099913, 4414099906, 4414099902, 4414099901, 4414099898, 4414099910, 4414099911, 4414099912, 4414099918]",,,,,,,,,,,,,,,,,,,,,,,,,,,nan,
way,443879000,城东菜市场,,"POLYGON ((119.850351 31.3764032, 119.8506012 31.3768085, 119.8508613 31.377262, 119.8501559 31.377539, 119.8496604 31.3767296, 119.850351 31.3764032))",,,,marketplace,,,,,,,,,,,,,,,,,,,,,,,,,,,,,,,,,,,,,,,,,,,,,,,,"[4393251329, 4414102405, 4414102427, 4414102439, 4393251330, 4393251329]",,,,,,,,,,,,,,,,,,,,,,,,,,,nan,
way,443879001,宜城街道袁桥社区卫生服务站,,"POLYGON ((119.8446493 31.3776948, 119.8447955 31.3779867, 119.8455184 31.3778058, 119.8452823 31.3775974, 119.8451952 31.3775654, 119.8450933 31.3775745, 119.8446493 31.3776948))",,,,clinic,,,,,,,,,,,,,,,,,,,,,,,,,,,,,,,,,,,,,,,,,,,,,,,,"[4414102443, 4414102447, 4414102446, 4414102442, 4414102440, 4414102441, 4414102443]",,,,,,,,,,,,,,,,,,,,,,,,,,,nan,
way,443905702,,,"POLYGON ((119.8454659 31.37387, 119.8456285 31.3743381, 119.8461476 31.3742067, 119.845985 31.3737385, 119.8454659 31.37387))",,,,parking,,,,,,,,,,,,,,,,,,,,,,,,,,,,,,,,,,,,,surface,,,,,,,,,,,"[4414257161, 4414257181, 4414257178, 4414257156, 4414257161]",,,,,,,,,,,,,,,,,,,,,,,,,,,nan,
way,444554833,,,"POLYGON ((119.8136777 31.4231771, 119.8137794 31.4234645, 119.8139611 31.4234177, 119.8138594 31.4231303, 119.8136777 31.4231771))",,,,fuel,,,,,,,,,,,,,,,,,,,,,,,,,,,,,,,,,,,,1,,,,,,,,,,,,"[7295770838, 4420219360, 4420219359, 4420219353, 7295770838]",roof,,,,,,,,,,,,,,,,,,,,,,,,,,nan,
way,444554835,,,"POLYGON ((119.814468 31.4249023, 119.8142888 31.4249479, 119.8143905 31.425239, 119.8145697 31.4251934, 119.814468 31.4249023))",,,,fuel,,,,,,,,,,,,,,,,,,,,,,,,,,,,,,,,,,,,1,,,,,,,,,,,,"[7295736073, 4420219371, 4420219375, 4420219374, 7295736073]",roof,,,,,,,,,,,,,,,,,,,,,,,,,,nan,
way,444683201,,,"POLYGON ((119.7951394 31.4080128, 119.7953685 31.40853, 119.795605 31.4084386, 119.7957953 31.4084339, 119.7955126 31.4078646, 119.7951394 31.4080128))",,,,fuel,,,,,,,,,,,,,,,,,,,,,,,,,,,,,,,,,,,,,,,,,,,,,,,,"[4421500473, 4421500476, 4421500475, 4421500474, 4421500471, 4421500473]",,,,,,,,,,,,,,,,,,,,,,,,,,,nan,
way,444723104,,,"POLYGON ((119.7746023 31.3924681, 119.7745702 31.3923599, 119.7751037 31.3922062, 119.7754812 31.3921379, 119.7753691 31.3922586, 119.7752771 31.3925626, 119.7752918 31.3927755, 119.7747383 31.3928164, 119.7747156 31.3925284, 119.7746023 31.3924681))",,,,fuel,,,,,,,,,,,,,Shell,,,,,,,,,,,,,,,,,,,,,,,,,,,,,,,,,,,"[4421850276, 4421850273, 4421850267, 4421850264, 4421850269, 4421850278, 4421850281, 4421850282, 4421850277, 4421850276]",,,,,,,,,,,,,,,,,,,,,,,,,,,nan,
way,444723133,广汇实验小学,,"POLYGON ((119.8106314 31.403701, 119.8106786 31.4037098, 119.8112864 31.4034616, 119.8110454 31.4030164, 119.8112188 31.4024985, 119.8114282 31.4024154, 119.8108448 31.4013483, 119.8099565 31.4016784, 119.8099525 31.4017091, 119.8100072 31.4021053, 119.8100979 31.4024824, 119.8102424 31.4029356, 119.8104131 31.4033124, 119.8106314 31.403701))",,,,school,,,,,,,,,,,,,,,,,,,,,,,,,,,,,,,,,,,,,,,,,,,,,,,,"[4421850356, 4421850357, 4421850355, 4421850341, 4421850335, 4421850333, 4421850313, 4421850322, 4421850324, 4421850332, 4421850334, 4421850340, 4421850351, 4421850356]",,,,,,,,,,,,,,,,,,,,,,,,,,,nan,
way,444723134,广汇实验幼儿园,,"POLYGON ((119.8099992 31.4015787, 119.8096784 31.4009805, 119.8097291 31.4008075, 119.809565 31.4005081, 119.8102492 31.4002816, 119.8108067 31.4012845, 119.8099992 31.4015787))",,,,kindergarten,,,,,,,,,,,,,,,,,,,,,,,,,,,,,,,,,,,,,,,,,,,,,,,,"[4421850318, 4421850310, 4421850309, 4421850308, 4421850307, 4421850311, 4421850318]",,,,,,,,,,,,,,,,,,,,,,,,,,,nan,
way,444865365,,,"POLYGON ((119.7450349 31.4635484, 119.7450617 31.4637474, 119.7455525 31.4636891, 119.7455512 31.4636731, 119.746146 31.4635953, 119.7460943 31.4632132, 119.7459448 31.4632178, 119.7458308 31.4628786, 119.7453695 31.463247, 119.7450349 31.4635484))",,,,fuel,,,,,,,,,,,,,,,,,,,,,,,,,,,,,,,,,,,,,,,,,,,,,,,,"[4423291723, 4423291734, 4423291730, 4423291729, 4423291726, 4423291715, 4423291716, 4423291707, 4423291717, 4423291723]",,,,,,,,,,,,,,,,,,,,,,,,,,,nan,
way,572789181,环科园实验小学,,"POLYGON ((119.7937176 31.3568986, 119.7935459 31.3552815, 119.7945759 31.355183, 119.794769 31.3568116, 119.7937176 31.3568986))",,,,school,,,,,,,,,,,,,,,,,,,,,,,,,,,,,,,,,,,,,,,,,,,,,,,,"[5502649927, 5502649926, 5502649925, 5502649924, 5502649927]",,,,,,,,,,,,,,,,,,,,,,,,,,,nan,
way,572789347,湖北理工学院宜兴工程学院,,"POLYGON ((119.7940931 31.3599861, 119.793857 31.3579866, 119.7954905 31.3578652, 119.7957802 31.3601808, 119.7940931 31.3599861))",,,,college,,,,,,,,,,,,,,,,,,,,,,,,,,,,,,,,,,,,,,,,,,,,,,,,"[5502649505, 5502649504, 5502649503, 5502649502, 5502649505]",,,,,,,,,,,,,,,,,,,,,,,,,,,nan,
way,572789408,宜兴市第二高级中学,,"POLYGON ((119.791612 31.3500728, 119.7912928 31.3468659, 119.7914082 31.3467559, 119.7938168 31.3465818, 119.7940206 31.3482449, 119.7928083 31.3483411, 119.7928995 31.3492161, 119.7933823 31.3491703, 119.7934467 31.3498346, 119.7927064 31.3498483, 119.791612 31.3500728))",,,,school,,,,,,,,,,,,,,,,,,,,,,,,,,,,,,,,,,,,,,,,,,,,,,,,"[5502652267, 5502652266, 5502652265, 5502652264, 5502652263, 5502652262, 5502652261, 5502652260, 5502652259, 5502652258, 5502652267]",,,,,,,,,,,,,,,,,,,,,,,,,,,nan,
way,678907739,,,"POLYGON ((119.7973075 31.3637771, 119.7972942 31.3637479, 119.7972582 31.3637285, 119.7972298 31.3636977, 119.797262 31.3636427, 119.7978367 31.3636184, 119.797941 31.3636216, 119.7980168 31.3636459, 119.7980699 31.3637026, 119.7980832 31.3637544, 119.7981003 31.3637625, 119.7981534 31.3643245, 119.7980586 31.3643277, 119.7980624 31.3643585, 119.7979827 31.364365, 119.7979106 31.3637836, 119.7973454 31.3637933, 119.7973075 31.3637771))",,,,restaurant,,,,,,,,,,,,,,,,,,,,,,,,,,,,,,,,,,,,,,,,,,,,,,,,"[6356896689, 6356896690, 6356896691, 6356896692, 6356896693, 6356896694, 6356896695, 6356896696, 6356896697, 6356896698, 6356896699, 6356896700, 6356896701, 6356896702, 6356896703, 6356896704, 6356896705, 6356896689]",yes,,,,,,,,,,,,,,,,,,,,,,,,,,nan,
way,687885026,无锡市茶叶研究所,,"POLYGON ((119.8047698 31.2943677, 119.804405 31.2938314, 119.8042119 31.293891, 119.8038525 31.2932492, 119.8038847 31.2929925, 119.8037774 31.2927083, 119.8041851 31.2925525, 119.8044962 31.2924379, 119.8055691 31.2939689, 119.805494 31.2940927, 119.8047698 31.2943677))",,,,research_institute,,,,,,,,,,,,,,,,,,,,,,,,,,,,,,,,,,,,,,,,,,,,,,research,,"[6448913727, 6448913728, 6448913729, 6448913730, 6448913731, 6448913732, 6448913733, 6448913734, 6448913735, 6448913736, 6448913727]",,,,,,,,,,,,,,,,,,,,,,,,,,,nan,
way,749708857,,,"POLYGON ((119.6670838 31.178589, 119.6669684 31.1784891, 119.6668558 31.1785201, 119.6667324 31.1788701, 119.6666948 31.1789974, 119.6667995 31.1790123, 119.6668491 31.1789068, 119.6669698 31.1787198, 119.6670838 31.178589))",,,,parking,,,,,,,,,,,,,,,,,,,,,,,,,,,,,,,,,,,,,,,,,,,,,,,,"[7010723367, 7010723366, 7010723365, 7010723364, 7010723363, 7010723362, 7010723361, 7010723360, 7010723367]",,,,,,,,,,,,,,,,,,,,,,,,,,,nan,
way,749708876,,,"POLYGON ((119.7035064 31.2204745, 119.7039477 31.2207324, 119.703982 31.2206894, 119.7035407 31.2204315, 119.7035064 31.2204745))",,,,parking,,,,,,,,,,,,,,,,,,,,,,,,,,,,,,,,,,,,,,,,,,,,,,,,"[7010727624, 7010727623, 7010727622, 7010727621, 7010727624]",,,,,,,,,,,,,,,,,,,,,,,,,,,nan,
way,749711609,,,"POLYGON ((119.7042659 31.1756963, 119.7050276 31.1765271, 119.7058377 31.1774083, 119.7059374 31.1773412, 119.7053337 31.1766844, 119.7053656 31.1762769, 119.7053441 31.176192, 119.7054031 31.1761553, 119.7049579 31.1757124, 119.7049118 31.1757463, 119.704701 31.1755366, 119.7046092 31.1754737, 119.7045046 31.1754393, 119.7044134 31.1754393, 119.7043276 31.17546, 119.7042766 31.1755242, 119.7042417 31.1756068, 119.7042659 31.1756963))",,,,parking,,,,,,,,,,,,,,,,,,,,,,,,,,,,,,,,,,,,,,,,,,,,,,,,"[7010746560, 7010746559, 7010746558, 7010746557, 7010746556, 7010746555, 7010746554, 7010746553, 7010746552, 7010746551, 7010746550, 7010746549, 7010746548, 7010746547, 7010746546, 7010746545, 7010746544, 7010746560]",,,,,,,,,,,,,,,,,,,,,,,,,,,nan,
way,749711610,,,"POLYGON ((119.7039708 31.1747004, 119.7039548 31.1748977, 119.7038366 31.1748907, 119.7038163 31.1751395, 119.7039166 31.1751455, 119.7039123 31.1751985, 119.7043135 31.1752225, 119.704459 31.1752603, 119.7046602 31.1753292, 119.7047138 31.1752259, 119.704451 31.1750721, 119.7044536 31.1748863, 119.7043866 31.1748679, 119.7042713 31.1748931, 119.7041747 31.1748472, 119.7040352 31.1747118, 119.7039708 31.1747004))",,,,parking,,,,,,,,,,,,,,,,,,,,,,,,,,,,,,,,,,,,,,,,,,,,,,,,"[7010746576, 7010746575, 7010746574, 7010746573, 7010746572, 7010746571, 7010746570, 7010746569, 7010746568, 7010746567, 7010746566, 7010746565, 7010746564, 7010746563, 7010746562, 7010746561, 7010746576]",,,,,,,,,,,,,,,,,,,,,,,,,,,nan,
way,749711613,,,"POLYGON ((119.7004384 31.174884, 119.7003391 31.1750675, 119.7008434 31.1752328, 119.7011384 31.175281, 119.7014764 31.1752924, 119.7027102 31.1752351, 119.7027035 31.1751296, 119.7025385 31.1751372, 119.7025323 31.1750403, 119.701294 31.1750653, 119.7009453 31.1750331, 119.7004384 31.174884))",,,,parking,,,,,,,,,,,,,,,,,,,,,,,,,,,,,,,,,,,,,,,,,,,,,,,,"[7010718575, 7010718574, 7010718573, 7010718572, 7010718571, 7010718570, 7010718569, 7010718568, 7010718567, 7010718566, 7010718565, 7010718575]",,,,,,,,,,,,,,,,,,,,,,,,,,,nan,
way,749711615,,,"POLYGON ((119.6973672 31.1752397, 119.697842 31.1752351, 119.6978313 31.1749161, 119.6973914 31.1748495, 119.6973672 31.1752397))",,,,parking,,,,,,,,,,,,,,,,,,,,,,,,,,,,,,,,,,,,,,,,,,,,,,,,"[7004247628, 7010718584, 7010718583, 7010718582, 7004247628]",,,,,,,,,,,,,,,,,,,,,,,,,,,nan,
way,751458085,显圣禅寺,,"POLYGON ((119.8601462 31.2696432, 119.8609831 31.2694644, 119.8612406 31.2693269, 119.8621096 31.2695699, 119.8620882 31.2700559, 119.8619272 31.2702072, 119.8612245 31.2702347, 119.8611869 31.2701751, 119.860157 31.2702439, 119.8601462 31.2696432))",,,,place_of_worship,,,,,,,,,,,,,,,,,,,buddhist,,,,,,,,,,,,,,,,,,,,,,,,,,,,,"[7025024717, 7025024718, 7025024719, 7025024720, 7025024721, 7025024722, 7025024723, 7025024724, 7025024725, 7025024717]",,,,,,,,,,,,,,,,,,,,,,,,,,,nan,
way,751458087,东坡小学,,"POLYGON ((119.8622437 31.2685886, 119.8621713 31.2693968, 119.8612134 31.2691772, 119.8612458 31.2690758, 119.8612647 31.2690191, 119.8612955 31.2689232, 119.8613263 31.2688275, 119.861385 31.2686406, 119.8614605 31.2685149, 119.8615408 31.2683813, 119.8616371 31.2684337, 119.8622437 31.2685886))",,,,school,,,,,,,,,,,,,,,,,,,,,,,,,,,,,,,,,,,,,,,,,,,,,,,,"[7025024741, 7025024702, 12080029303, 12080029313, 12080029315, 12080029316, 12080029317, 7025024743, 12080029349, 7025024744, 12080029310, 7025024741]",,,,,,,,,,,,,,,,,,,,,,,,,,,nan,
way,751458089,蜀山古南街停车场,,"POLYGON ((119.8581024 31.2685841, 119.8583223 31.2681668, 119.858317 31.2680247, 119.8576089 31.2680843, 119.8574855 31.2686895, 119.8581024 31.2685841))",,,,parking,,,,,,,,,,,,,,,,,,,,,,,,,,,,,,,,,,,,,,,,,,,,,,,,"[7025024757, 7025024758, 7025024759, 7025024760, 7025024761, 7025024757]",,,,,,,,,,,,,,,,,,,,,,,,,,,nan,
way,781762991,,,"POLYGON ((119.7155041 31.2359824, 119.7166797 31.2374528, 119.7163984 31.2376172, 119.7152228 31.2361468, 119.7155041 31.2359824))",,,,parking,,,,,,,,,,,,,,,,,,,,,,,,,,,,,,,,,,,,,,,,,,,,,,,,"[7298890531, 7298890529, 7295768689, 7298890527, 7298890531]",,,,,,,,,,,,,,,,,,,,,,,,,,,nan,
way,782296773,,,"POLYGON ((119.8219702 31.2501033, 119.8219564 31.2503351, 119.8227138 31.2503682, 119.8227069 31.2504839, 119.822882 31.2504915, 119.8229028 31.250144, 119.8219702 31.2501033))",,,,parking,,,,,,,,,,,,,,,,,,,,,,,,,,,,,,,,,,,,,,,,,,,,,,,,"[7304978113, 7304978112, 7304978111, 7304978110, 7304978109, 7304978108, 7304978113]",,,,,,,,,,,,,,,,,,,,,,,,,,,nan,
way,782296808,,,"POLYGON ((119.7548202 31.2238324, 119.755075 31.2240733, 119.7552737 31.2239196, 119.7554471 31.2240835, 119.7556436 31.2241077, 119.7560379 31.223837, 119.7560459 31.2236719, 119.7557831 31.2233921, 119.75548 31.2236329, 119.7552906 31.2234586, 119.7548202 31.2238324))",,,,parking,,,,,,,,,,,,,,,,,,,,,,,,,,,,,,,,,,,,,,,,,,,,,,,,"[7304959563, 7304959562, 7304959561, 7304988096, 7304988095, 7304988094, 7304988093, 7304988092, 7304988091, 7304988090, 7304959563]",,,,,,,,,,,,,,,,,,,,,,,,,,,nan,
way,782296809,,,"POLYGON ((119.756223 31.2236306, 119.7575292 31.2227819, 119.7578081 31.2223966, 119.7577062 31.2222636, 119.7573253 31.2224241, 119.7571751 31.2224172, 119.756915 31.2225296, 119.7559547 31.223142, 119.7558662 31.2232888, 119.756223 31.2236306))",,,,parking,,,,,,,,,,,,,,,,,,,,,,,,,,,,,,,,,,,,,,,,,,,,,,,,"[7304959572, 7304959571, 7304959570, 7304959569, 7304959568, 7304959567, 7304959566, 7304959565, 7304959564, 7304959572]",,,,,,,,,,,,,,,,,,,,,,,,,,,nan,
way,782306128,,,"POLYGON ((119.7083997 31.2301967, 119.7087086 31.2302857, 119.7087299 31.2302316, 119.708421 31.2301426, 119.7083997 31.2301967))",,,,parking,,,,,,,,,,,,,,,,,,,,,,,,,,,,,,,,,,,,,,,,,,,,,,,,"[7305089042, 7305089041, 7305089040, 7305089039, 7305089042]",,,,,,,,,,,,,,,,,,,,,,,,,,,nan,
way,782306129,,,"POLYGON ((119.7064881 31.228844, 119.7063003 31.2292706, 119.706354 31.229289, 119.7066236 31.2288773, 119.7064881 31.228844))",,,,parking,,,,,,,,,,,,,,,,,,,,,,,,,,,,,,,,,,,,,,,,,,,,,,,,"[7305089046, 7305089045, 7305089044, 7305089043, 7305089046]",,,,,,,,,,,,,,,,,,,,,,,,,,,nan,
way,782306169,,,"POLYGON ((119.6919277 31.2249174, 119.6923944 31.2241215, 119.6915066 31.2237407, 119.6911311 31.2244036, 119.6912384 31.2245022, 119.6914288 31.2245848, 119.6913752 31.2246719, 119.6919277 31.2249174))",,,,parking,,,,,,,,,,,,,,,,,,,,,,,,,,,,,,,,,,,,,,,,,,,,,,,,"[7305089600, 7296532882, 7305089599, 7305089598, 7305089597, 7305089596, 7305089595, 7305089600]",,,,,,,,,,,,,,,,,,,,,,,,,,,nan,
way,782306186,,,"POLYGON ((119.7236221 31.2504905, 119.7235644 31.2506613, 119.7239426 31.2508929, 119.7239842 31.2507783, 119.723905 31.2506166, 119.7236221 31.2504905))",,,,parking,,,,,,,,,,,,,,,,,,,,,,,,,,,,,,,,,,,,,,,,,,,,,,,,"[7305089716, 7305089715, 7305089714, 7305089713, 7305089712, 7305089716]",,,,,,,,,,,,,,,,,,,,,,,,,,,nan,
way,797202637,杨巷中学,,"POLYGON ((119.5887594 31.4813385, 119.5883303 31.4823267, 119.5884161 31.483388, 119.5896231 31.4837586, 119.5898699 31.4836716, 119.5903902 31.4823129, 119.5887594 31.4813385))",,,,school,,,,,,,,,,,,,,,,,,,,,,,,,,,,,,,,,,,,,,,,,,,,,,,,"[7455692996, 7455692997, 7455692998, 7455692999, 7455693000, 7455693001, 7455692996]",,,,,,,,,,,,,,,,,,,,,,,,,,,nan,
way,797202639,宜兴市杨巷小学,,"POLYGON ((119.5861416 31.483173, 119.5859914 31.4820979, 119.5870589 31.4821711, 119.5872681 31.4826423, 119.5873593 31.4828024, 119.5874022 31.4832325, 119.5861416 31.483173))",,,,school,,,,,,,,,,,,,,,,,,,,,,,,,,,,,,,,,,,,,,,,,,,,,,,,"[7455693007, 7455693008, 7455693009, 7455693010, 7455693011, 7455693012, 7455693007]",,,,,,,,,,,,,,,,,,,,,,,,,,,nan,
way,828044579,,,"POLYGON ((119.789977 31.2551345, 119.794165 31.2553415, 119.7944918 31.2510059, 119.7903038 31.2507886, 119.789977 31.2551345))",,,,prison,,,,,,,,,,,,,,,,,,,,,,,,,,,,,,,,,,,,,,,,,,,,,,,,"[7730296719, 7730296720, 7730296721, 7730296722, 7730296719]",,,,,,,,,,,,,,,,,,,,,,,,,,,nan,
way,883800195,环科园派出所,,"POLYGON ((119.7887988 31.3400897, 119.7891857 31.338311, 119.7894929 31.3383045, 119.7895157 31.3385022, 119.7901833 31.3384665, 119.7903085 31.3400411, 119.7887988 31.3400897))",,,,police,,,,,,,,,,,,,,,,,,,,,,,,,,,,,,,,,,,,,,,,,,,,,,,,"[8219681916, 8219681917, 8219681918, 8219681919, 8219681920, 8219681921, 8219681916]",,,,,,,,,,,,,,,,,,,,,,,,,,,nan,
way,883800196,宜兴市急救中心,,"POLYGON ((119.7888788 31.3418444, 119.7904481 31.3414486, 119.7905327 31.3422332, 119.7905061 31.342353, 119.7892505 31.3424405, 119.788966 31.3420193, 119.7888788 31.3418444))",,,,hospital,,,,,,,,,hospital,,,,,,,,,,,,,,,,,,,,,,,,,,,,,,,,,,,,,,,"[8219681922, 8219681923, 8219681924, 8219681925, 8219681926, 8219681927, 8219681922]",,,,,,,,,,,,,,,,,,,,,,,,,,,nan,
way,883800201,宜兴保利大剧院,,"POLYGON ((119.8480211 31.3578127, 119.8478712 31.357411, 119.8478537 31.3573388, 119.8478393 31.3572475, 119.8478377 31.357159, 119.8478489 31.3570623, 119.8478712 31.3569602, 119.8479079 31.3568716, 119.8479749 31.3567654, 119.8480434 31.3566769, 119.8481519 31.3565652, 119.8482667 31.3564862, 119.848372 31.3564385, 119.84849 31.3563895, 119.8485984 31.3563582, 119.8487372 31.3563337, 119.8488297 31.3563241, 119.8488399 31.3563541, 119.8489031 31.3563813, 119.8489302 31.3563786, 119.8489764 31.3564549, 119.8490275 31.3565516, 119.8490737 31.356681, 119.8490944 31.3567831, 119.8490992 31.3568934, 119.8490913 31.3569983, 119.8490594 31.3571154, 119.8490131 31.3572271, 119.8489589 31.3573442, 119.8488855 31.35743, 119.8487835 31.3575226, 119.8486862 31.3575921, 119.8485697 31.3576493, 119.8484374 31.3576942, 119.8480211 31.3578127))",,,,theatre,,,,,,,,,,,,,,,,,,,,,,,,,,,,,,,,,,,,,,,,,,,,,,,,"[8219681957, 8219681958, 8219681959, 8219681960, 8219681961, 8219681962, 8219681963, 8219681964, 8219681965, 8219681966, 8219681967, 8219681968, 8219681969, 8219681970, 8219681971, 8219681972, 8219681973, 8219681974, 8219681975, 8219681976, 8219681977, 8219681978, 8219681979, 8219681980, 8219681981, 8219681982, 8219681983, 8219681984, 8219681985, 8219681986, 8219681987, 8219681988, 8219681989, 8219681990, 8219681957]",yes,,,,,,,,,,,,,,,,,,,,,,,,,,nan,
way,883800203,宜兴市图书馆,,"POLYGON ((119.8481396 31.3605701, 119.8481476 31.3602474, 119.8481604 31.3601861, 119.8481891 31.3601248, 119.8482385 31.3600581, 119.8483119 31.359994, 119.8484044 31.3599341, 119.8485097 31.3599001, 119.8485958 31.3598892, 119.8489977 31.3599001, 119.8489961 31.3600744, 119.8489546 31.3600758, 119.8489817 31.3601902, 119.8489817 31.36031, 119.8489435 31.3604094, 119.8488653 31.3605265, 119.8487696 31.3606137, 119.8486564 31.3606818, 119.8485543 31.3607199, 119.8484666 31.3607349, 119.8482082 31.3607363, 119.8482146 31.3605728, 119.8481396 31.3605701))",,,,library,,,,,,,,,,,,,,,,,,,,,,,,,,,,,,,,,,,,,,,,,,,,,,,,"[8219682008, 8219682009, 8219682010, 8219682011, 8219682012, 8219682013, 8219682014, 8219682015, 8219682016, 8219682017, 8219682018, 8219682019, 8219682020, 8219682021, 8219682022, 8219682023, 8219682024, 8219682025, 8219682026, 8219682027, 8219682028, 8219682029, 8219682008]",yes,,,,,,,,,,,,,,,,,,,,,,,,,,nan,
way,1016069134,,,"POLYGON ((119.7875572 31.3742488, 119.7870964 31.3732573, 119.7874887 31.373159, 119.7877067 31.3735178, 119.7885286 31.3735391, 119.788594 31.3738421, 119.7875572 31.3742488))",,,,parking_space,1,,,,,,,,,,,,,,,,,,,,,,,,,,,,,,,,,,,,,,,,,,,,,,,"[9372001708, 9372001709, 9372001710, 9372001711, 9372001712, 9372001713, 9372001708]",,,,,,,,,,,,,,,,,,,,,,,,,,,nan,
way,1017548028,,,"POLYGON ((119.5837773 31.1837797, 119.5838467 31.1832297, 119.5840189 31.1832114, 119.5840215 31.1837773, 119.5837773 31.1837797))",,,,parking,,,,,,,,,,,,,,,,,,,,,,,,,,,,,,,,,,,,,,,,,,,,,,,,"[3529995215, 9385510230, 9385510231, 9385510232, 3529995215]",,,,,,,,,,,,,,,,,,,,,,,,,,,nan,
way,1020499852,宜兴市人民医院,,"POLYGON ((119.8143303 31.3611152, 119.8153469 31.362691, 119.8148963 31.3629818, 119.8144162 31.3631536, 119.8134318 31.3633781, 119.812839 31.3618069, 119.8133084 31.3616443, 119.8132199 31.3613992, 119.8143303 31.3611152))",,,,hospital,,,,,,,,,,,,,,,,,,,,,,,,,,,,,,,,,,,,,,,,,,,,,,,,"[9412259156, 9412259155, 9412259154, 9412259153, 9412259152, 9412259151, 9412259150, 9412259149, 9412259156]",,,,,,,,,,,,3A,,,,,,,,,,,,,,,nan,
way,1022863012,太华镇中心小学,,"POLYGON ((119.5864216 31.1837191, 119.5885288 31.1837742, 119.5881556 31.1856172, 119.5863618 31.1855694, 119.5864216 31.1837191))",,,,school,,,,,,,,,,,,,,,,,,,,,,,,,,,,,,,,,,,,,,,,,,,,,,,,"[9385510223, 9385510224, 9433533476, 9433533477, 9385510223]",,,,,,,,,,,,,,,,,,,,,,,,,,,nan,
way,1022863020,,,"POLYGON ((119.5872641 31.1840898, 119.5872641 31.1838806, 119.5874787 31.1838806, 119.587483 31.1839466, 119.5875967 31.1839522, 119.5875903 31.184099, 119.5872641 31.1840898))",,,,parking,,,,,,,,,,,,,,,,,,,,,,,,,,,,,,,,,,,,,,,,,,,,,,,,"[9433533550, 9433533551, 9433533552, 9433533553, 9433533554, 9433533555, 9433533550]",,,,,,,,,,,,,,,,,,,,,,,,,,,nan,
way,1041456285,太华镇幼儿园,,"POLYGON ((119.5812319 31.1826627, 119.5812297 31.1822688, 119.5807512 31.1823166, 119.5807193 31.18196, 119.5814604 31.181788, 119.5818421 31.1816994, 119.5818906 31.1822835, 119.581852 31.1822909, 119.5818756 31.1826595, 119.5812319 31.1826627))",,,,kindergarten,,,,,,,,,,,,,,,,,,,,,,,,,,,,,,,,,,,,,,,,,,,,,,,,"[9588001549, 9588001550, 9588001551, 9588001552, 9588001595, 9588001553, 9588001554, 9588001555, 9588001556, 9588001549]",,,,,,,,,,,,,,,,,,,,,,,,,,,nan,
way,1041582054,中国银行,,"POLYGON ((119.5832793 31.183235, 119.5832922 31.1830982, 119.5834639 31.1831166, 119.5834445 31.1832497, 119.5832793 31.183235))",,,,bank,,,,,,,,,,,,,中国银行,Bank of China,Q790068,Bank of China,,,,,中国银行,中国银行,,,,,,,,,,,,,,,,,,,,,,,,,,"[9589070059, 9589070060, 9589070061, 9589070062, 9589070059]",yes,,,,,,,,,,,,zh:中国银行,,,,,,,,,,,,,,nan,
way,1041582077,,,"POLYGON ((119.5835831 31.1831257, 119.5836784 31.1823772, 119.5838526 31.1824048, 119.5837559 31.1831624, 119.5835831 31.1831257))",,,,parking,,,,,,,,,,,,,,,,,,,,,,,,,,,,,,,,,,,,,,,,,,,,,,,,"[9589070163, 9589070164, 9589070165, 9587958131, 9589070163]",,,,,,,,,,,,,,,,,,,,,,,,,,,nan,
way,1041582078,,,"POLYGON ((119.5833867 31.1837767, 119.5835144 31.1831112, 119.5835831 31.1831257, 119.5837559 31.1831624, 119.5836768 31.1837821, 119.5833867 31.1837767))",,,,parking,,,,,,,,,,,,,,,,,,,,,,,,,,,,,,,,,,,,,,,,,,,,,,,,"[9589070166, 9589070167, 9589070163, 9587958131, 4215371809, 9589070166]",,,,,,,,,,,,,,,,,,,,,,,,,,,nan,
way,1041583262,,,"POLYGON ((119.5833305 31.1846356, 119.5833867 31.1837767, 119.5836768 31.1837821, 119.5835695 31.184637, 119.5833305 31.1846356))",,,,parking,,,,,,,,,,,,,,,,,,,,,,,,,,,,,,,,,,,,,,,,,,,,,,,,"[9589082646, 9589070166, 4215371809, 4215371831, 9589082646]",,,,,,,,,,,,,,,,,,,,,,,,,,,nan,
way,1041672177,,,"POLYGON ((119.5830688 31.1872597, 119.5831248 31.1866976, 119.583194 31.1860036, 119.5833305 31.1846356, 119.5835695 31.184637, 119.5834911 31.1852281, 119.5834572 31.1854844, 119.583296 31.1866998, 119.5832204 31.1872705, 119.5830688 31.1872597))",,,,parking,,,,,,,,,,,,,,,,,,,,,,,,,,,,,,,,,,,,,,,,,,,,,,,,"[9589865876, 9589865879, 9589865877, 9589082646, 4215371831, 9589865910, 9589865905, 9589865880, 4215371305, 9589865876]",,,,,,,,,,,,,,,,,,,,,,,,,,,nan,
way,1041672178,,,"POLYGON ((119.583194 31.1860036, 119.5823295 31.185938, 119.5820853 31.185918, 119.5820425 31.1863309, 119.5820131 31.1866016, 119.5831248 31.1866976, 119.583194 31.1860036))",,,,marketplace,,,,,,,,,,,,,,,,,,,,,,,,,,,,,,,,,,,,,,,,,,,,,,,,"[9589865877, 9589865866, 9589865865, 9589865864, 9589865878, 9589865879, 9589865877]",,,,,,,,,,,,,,,,,,,,,,,,,,,nan,
way,1052623661,太华中学,,"POLYGON ((119.5880031 31.1799813, 119.5877975 31.179275, 119.5877156 31.1792802, 119.587635 31.1790496, 119.5868685 31.1792512, 119.584577 31.1798057, 119.5843896 31.1797606, 119.584211 31.1808142, 119.585449 31.1805303, 119.5855692 31.1805009, 119.5858953 31.1804128, 119.5871012 31.1801742, 119.5880031 31.1799813))",,,,school,,,,,,,,,,,,,,,,,,,,,,,,,,,,,,,,,,,,,,,,,,,,,,,,"[9673785352, 9673785353, 9673785354, 9673785355, 9673785281, 9673785280, 3529995196, 9385510219, 9622660332, 9622660331, 9622660330, 9622660329, 9673785352]",,,,,,,,,,,,,,,,,,,,,,,,,,,nan,
way,1058762644,屺亭公交场站,,"POLYGON ((119.8746212 31.4390311, 119.8755576 31.439094, 119.8756361 31.4382564, 119.874728 31.4381702, 119.8746212 31.4390311))",,,,bus_station,,,,,,,,,,,,,,,,,,,,宜兴公交,,,,,,,,,,,,,,,,,,,,,,,,,,,,"[9728663859, 9728663858, 9728663857, 9728663856, 9728663859]",,,,,,,,,,,,,,station,,,,,,,,,,,,,nan,
way,1059723845,肯德基,,"POLYGON ((119.8062851 31.3841396, 119.8064218 31.3841602, 119.8064473 31.3840308, 119.8063146 31.3840091, 119.8062851 31.3841396))",,,,fast_food,,burger,,,,,,,,,,,,,,,,,,肯德基,,,,,,,,,,,,,,,,,,,,,,,,,,,,"[9736154598, 9736154597, 9736154596, 9736154595, 9736154598]",,,,,,,,,,,,,,,,,,,,,,,,,,,nan,
way,1059723895,,,"POLYGON ((119.8062837 31.3137584, 119.8061214 31.3134215, 119.8071071 31.3131236, 119.8072466 31.3134708, 119.8062837 31.3137584))",,,,parking,,,,,,,,,,,,,,,,,,,,,,,,,,,,,,,,,,,,,surface,,,,,,,,,,,"[9736197630, 9736197629, 9736197628, 9736197627, 9736197630]",,,,,,,,,,,,,,,yes,asphalt,,,,,,,,,,,nan,
way,1059988158,太华派出所,,"POLYGON ((119.5844382 31.1736252, 119.5845187 31.1733188, 119.5853139 31.173437, 119.5852486 31.173752, 119.5848808 31.1736941, 119.5844382 31.1736252))",,,,police,,,,,,,,,,,,,,,,,,,,,,,,,,,,,,,,,,,,,,,,,,,,,,,,"[9738665112, 9738665111, 9738665110, 9738665109, 9738665108, 9738665112]",,,,,,,,,,,,,,,,,,,,,,,,,,,nan,
way,1059988162,,,"POLYGON ((119.5840312 31.1744261, 119.5840701 31.1741697, 119.5843638 31.1742196, 119.5843933 31.1736453, 119.5842002 31.1736206, 119.5835752 31.1736091, 119.5835484 31.1740182, 119.5835363 31.1742357, 119.5835336 31.1742867, 119.5838488 31.1743647, 119.5840312 31.1744261))",,,,parking,,,,,,,,,,,,,,,,,,,,,,,,,,,,,,,,,,,,,surface,,,,,,,,,,,"[9738718336, 9738718335, 9738718334, 9738718333, 9738718332, 9738718331, 9738718330, 9738718329, 9738718328, 9738718327, 9738718336]",,,,,,,,,,,,,,,,,,,,,,,,,,,nan,
way,1060561669,,,"POLYGON ((119.7982272 31.3426467, 119.7985988 31.343124, 119.7990069 31.3429121, 119.7986528 31.3424333, 119.7982272 31.3426467))",,,,parking,,,,,,,,,,,,,,,,,,,,,,,,,,,,,,,,,,,yes,,surface,,,,,,,,,,,"[9743917636, 9743917635, 9743917634, 9743917633, 9743917636]",,,,,,,,,,,,,,,yes,,,,,,,,,,,,nan,
way,1085063910,,,"POLYGON ((119.5995665 31.1158955, 119.5997772 31.1158486, 119.5997924 31.1158989, 119.5995817 31.1159457, 119.5995665 31.1158955))",,,,parking_space,,,,,,,,,,,,,,,,,,,,,,,,,,,,,,,,,,,,,,,,,,,,,,,,"[9942369162, 9942369163, 9942369164, 9942369165, 9942369162]",,,,,,,,,,,,,,,,,,,,,,,,,,,nan,
way,1085063911,,,"POLYGON ((119.5998614 31.1160306, 119.5998759 31.1158695, 119.6001976 31.1159218, 119.6001574 31.1161463, 119.5999226 31.1160692, 119.5998614 31.1160306))",,,,parking,,,,,,,,,,,,,,,,,,,,,,,,,,,,,,,,,,,,,,,,,,,,,,,,"[9942369166, 9942369167, 9942369168, 9942369169, 9942369170, 9942369166]",,,,,,,,,,,,,,,,,,,,,,,,,,,nan,
way,1091377226,,,"POLYGON ((119.537292 31.3964632, 119.537192 31.3962475, 119.537469 31.3961539, 119.537569 31.3963696, 119.537292 31.3964632))",,,,fuel,,,,,,,,,,,,,,,,,,,,,,,,,,,,,,,,,,,,1,,,,,,,,,,,,"[5584609228, 9995935681, 9995935682, 9995935683, 5584609228]",roof,,,,,,,,,,,,,,,,,,,,,,,,,,nan,
way,1093484339,宜兴市南漕小学,,"POLYGON ((119.9719836 31.5152566, 119.9732561 31.5144235, 119.9728663 31.5140103, 119.9723709 31.514305, 119.9721394 31.5140087, 119.9717288 31.5143977, 119.9714053 31.5146262, 119.9719836 31.5152566))",,,,school,,,,,,,,,,,,,,,,,,,,,,,,,,,,,,,,,,,,,,,,,,,,,,,,"[10014626369, 10014626370, 10014626371, 10014626373, 10014626374, 10014626375, 10027535663, 10014626369]",,,,,,,,,,,,,,,,,,,,,,,,,,,nan,
way,1093485555,黄土寺,,"POLYGON ((119.9674916 31.5210935, 119.9678833 31.5209909, 119.9675294 31.5198103, 119.9672651 31.5198947, 119.9674916 31.5210935))",,,,place_of_worship,,,,,,,,,,,,,,,,,,,buddhist,,,,,,,,,,,,,,,,,,,,,,,,,,,,,"[10014711677, 10014711678, 10014711679, 10014711680, 10014711677]",,,,,,,,,,,,,,,,,,,,,,,,,,,nan,
way,1188626976,,,"POLYGON ((119.909157 31.3109384, 119.9090383 31.3104732, 119.9094044 31.310405, 119.9095231 31.3108702, 119.909157 31.3109384))",,,,parking,,,,,,,,,,,,,,,,,,,,,,,,,,,,,,,,,,,,,,,,,,,,,,,,"[11037172752, 11037172753, 11037172754, 11037172755, 11037172752]",,,,,,,,,,,,,,,,,,,,,,,,,,,nan,
way,1215279508,中国石化,,"POLYGON ((119.9057402 31.1951439, 119.9057572 31.1949763, 119.9060869 31.1950007, 119.9060699 31.1951684, 119.9057402 31.1951439))",,,,fuel,,,,,,,,,,,,,中国石化,Sinopec,Q831445,Sinopec,,,,,中国石化,中国石化,,,,,,,,,,,,,,,,,,,,,,,,,,"[11259428325, 11259428326, 11259428327, 11259428328, 11259428325]",,,,,,,,,,,,,,,,,,,,,,,,,,,nan,
way,1215279509,中国石化,,"POLYGON ((119.9044975 31.1939401, 119.9045261 31.1937282, 119.9049047 31.1937656, 119.904876 31.1939776, 119.9044975 31.1939401))",,,,fuel,,,,,,,,,,,,,中国石化,Sinopec,Q831445,Sinopec,,,,,中国石化,中国石化,,,,,,,,,,,,,,,,,,,,,,,,,,"[11259428329, 11259428330, 11259428331, 11259428332, 11259428329]",,,,,,,,,,,,,,,,,,,,,,,,,,,nan,
way,1215798394,天王殿,,"POLYGON ((119.8729402 31.2082962, 119.8730651 31.2082731, 119.8730224 31.2081036, 119.8728974 31.2081266, 119.8729402 31.2082962))",,,,place_of_worship,,,,,,,,,,,,,,,,,,,buddhist,,,,,,,,,,,,,,,,,,,,,,,,,,,,,"[11264649548, 11264649547, 11264649546, 11264649545, 11264649548]",yes,,,,,,,,,,,,,,,,,,,,,,,,,,nan,
way,1215798399,玉佛殿,,"POLYGON ((119.8751074 31.2078989, 119.8752931 31.2078573, 119.8751857 31.2075065, 119.8750001 31.2075481, 119.8751074 31.2078989))",,,,place_of_worship,,,,,,,,,,,,,,,,,,,buddhist,,,,,,,,,,,,,,,,,,,,,,,,,,,,,"[11264692678, 11264692677, 11264692676, 11264692675, 11264692678]",temple,,,,,,,,,,,,,,,,,,,,,,,,,,nan,
way,1215798400,大雄宝殿,,"POLYGON ((119.8745898 31.2080393, 119.8749427 31.2079745, 119.874844 31.2075812, 119.8744912 31.207646, 119.8745898 31.2080393))",,,,place_of_worship,,,,,,,,,,,,,,,,,,,buddhist,,,,,,,,,,,,,,,,,,,,,,,,,,,,,"[11264692682, 11264692681, 11264692680, 11264692679, 11264692682]",temple,,,,,,,,,,,,,,,,,,,,,,,,,,nan,
way,1228644083,昌邑炼厂加油站,,"POLYGON ((119.897883 31.1876428, 119.8974978 31.1875137, 119.8976285 31.1872282, 119.8980137 31.1873573, 119.897883 31.1876428))",,,,fuel,,,,,,,,,,,,,,,,,,,,,,,,,,,,,,,,,,,,,,,,,,,,,,,,"[11394155538, 11394155537, 11394155536, 11394155535, 11394155538]",roof,,,,,,,,,,,,,,,,,,,,,,,,,,nan,
way,1228644084,,,"POLYGON ((119.8926735 31.2007426, 119.8924531 31.2005333, 119.8926402 31.2003891, 119.8928606 31.2005985, 119.8926735 31.2007426))",,,,fuel,,,,,,,,,,,,,,,,,,,,,,,,,,,,,,,,,,,,,,,,,,,,,,,,"[11394155542, 11394155541, 11394155540, 11394155539, 11394155542]",roof,,,,,,,,,,,,,,,,,,,,,,,,,,nan,
way,1228644085,加油站,,"POLYGON ((119.887821 31.2520002, 119.8877462 31.2518513, 119.8879434 31.2517788, 119.8880183 31.2519278, 119.887821 31.2520002))",,,,fuel,,,,,,,,,,,,,,,,,,,,,,,,,,,,,,,,,,,,1,,,,,,,,,,,,"[11394155546, 11394155545, 11394155544, 11394155543, 11394155546]",roof,,,,,,,,,,,,,,,,,,,,,,,,,,nan,
way,1228644087,中国石油,,"POLYGON ((119.969976 31.5302409, 119.9697354 31.5302337, 119.9697438 31.530029, 119.9699844 31.5300362, 119.969976 31.5302409))",,,,fuel,,,,,,,,,,,,,中国石油,PetroChina,Q503182,PetroChina,,,,,中国石油,中国石油,,,,,,,,,,,,,,,,,,,,,,,,,,"[11394155554, 11394155553, 11394155552, 11394155551, 11394155554]",roof,,,,,,,,,,,,,,,,,,,,,,,,,,nan,
way,1235237051,,,"POLYGON ((119.6841408 31.1614102, 119.684217 31.161404, 119.6842087 31.1613293, 119.6841324 31.1613356, 119.6841408 31.1614102))",,,,toilets,,,,,,,,,,,,,,,,,,,,,,,,,,,,,,,,,,,,,,,,,,,,,,,,"[11466223333, 11466223332, 11466223331, 11466223330, 11466223333]",yes,,,,,,,,,,,,,,,,,,,,,,,,,,nan,
way,1235237055,,,"POLYGON ((119.6981755 31.1678898, 119.6982081 31.1678303, 119.6980222 31.1677555, 119.6979895 31.167815, 119.6981755 31.1678898))",,,,toilets,,,,,,,,,,,,,,,,,,,,,,,,,,,,,,,,,,,,,,,,,,,,,,,,"[11466223353, 11466223352, 11466223351, 11466223350, 11466223353]",yes,,,,,,,,,,,,,,,,,,,,,,,,,,nan,
way,1235237058,,,"POLYGON ((119.6938186 31.1671191, 119.6938283 31.1670594, 119.6939891 31.1670786, 119.6939794 31.1671383, 119.6938186 31.1671191))",,,,toilets,,,,,,,,,,,,,,,,,,,,,,,,,,,,,,,,,,,,,,,,,,,,,,,,"[11466223365, 11466223364, 11466223363, 11466223362, 11466223365]",yes,,,,,,,,,,,,,,,,,,,,,,,,,,nan,
way,1239591256,,,"POLYGON ((119.7045395 31.1779797, 119.7039655 31.1781128, 119.7032735 31.1780164, 119.7033781 31.177562, 119.7030187 31.177507, 119.7029838 31.177585, 119.702206 31.1775666, 119.7021845 31.1776378, 119.7014335 31.1775483, 119.7006234 31.1775781, 119.7000012 31.1776584, 119.6999985 31.1771811, 119.700079 31.1769264, 119.7001514 31.1768667, 119.7042444 31.1774611, 119.7042149 31.1775781, 119.7044107 31.1776447, 119.7044858 31.1777525, 119.7045395 31.1779797))",,,,parking,,,,,,,,,,,,,,,,,,,,,,,,,,,,,,,,,,,,,,,,,,,,,,,,"[11515899876, 11515899875, 11515899874, 11515899873, 11515899872, 11515899871, 11515899870, 11515899869, 11515870168, 11515870167, 11515870166, 11515870159, 11515870165, 11515870164, 11515870163, 11515870162, 11515870161, 11515870160, 11515899876]",,,,,,,,,,,,,,,,,,,,,,,,,,,nan,
way,1252007871,宜兴市公安局洑东公安检查站,,"POLYGON ((119.9133253 31.1747463, 119.913497 31.1748312, 119.9138537 31.1743791, 119.9137974 31.1741473, 119.9136418 31.1740142, 119.9133253 31.1747463))",,,,police,,,,,,,,,,,,,,,,,,,,,,,,,,,,,,,,,,,,,,,,,,,,,,,,"[11637947973, 11637947972, 11637947971, 11637947969, 11637947970, 11637947973]",,,,,,,,,,,,,,,,,,,,,,,,,,,nan,
way,1255371397,,,"POLYGON ((119.7905013 31.3455566, 119.7880734 31.3457431, 119.788091 31.3459109, 119.790519 31.3457244, 119.7905013 31.3455566))",,,,parking,,,,,,,,,,,,,,,,,,,,,,,,,,,,,,,,,,,,,,,,,,,,,,,,"[11670003867, 11670003866, 11670003865, 11670003864, 11670003867]",,,,,,,,,,,,,,,,,,,,,,,,,,,nan,
way,1255371399,驾校,,"POLYGON ((119.7920266 31.3439873, 119.7927676 31.3439511, 119.7926405 31.3427188, 119.7919344 31.3427801, 119.7920266 31.3439873))",,,,driving_school,,,,,,,,,,,,,,,,,,,,,,,,,,,,,,,,,,,,,,,,,,,,,,,,"[11670009575, 11670009574, 11670009573, 11670009572, 11670009575]",,,,,,,,,,,,,,,,,,commercial,,,,,,,,,nan,
way,1255371400,,,"POLYGON ((119.787625 31.3444622, 119.7874269 31.3455236, 119.7880219 31.345617, 119.7879932 31.3452611, 119.7878247 31.3452595, 119.7879294 31.3445076, 119.787625 31.3444622))",,,,parking,,,,,,,,,,,,,,,,,,,,,,,,,,,,,,,,,,,,,,,,,,,,,,,,"[11670009581, 11670009580, 11670009579, 11670009578, 11670009577, 11670009576, 11670009581]",,,,,,,,,,,,,,,,,,,,,,,,,,,nan,
way,1257187204,兴陶驾校,,"POLYGON ((119.6028867 31.317717, 119.6036187 31.3179712, 119.6038949 31.3178291, 119.6041873 31.317797, 119.6044019 31.3173479, 119.6040223 31.3163463, 119.6028461 31.3157242, 119.6022186 31.3170477, 119.6027148 31.3171761, 119.6029428 31.317199, 119.6030997 31.3172872, 119.6028867 31.317717))",,,,driving_school,,,,,,,,,,,,,,,,,,,,,,,,,,,,,,,,,,,,,,,,,,,,,,,,"[11688135704, 11688135698, 11688135699, 11688135700, 11688135701, 11688135703, 11688135702, 11688135697, 11688135696, 11688135694, 11688135695, 11688135704]",,,,,,,,,,,,,,,,,,commercial,,,,,,,,,nan,
way,1257187211,,,"POLYGON ((119.6369849 31.3654184, 119.6371653 31.3655591, 119.6372168 31.365511, 119.6373245 31.3655951, 119.6374334 31.3654934, 119.6373251 31.3654089, 119.6373772 31.3653602, 119.6371973 31.3652199, 119.6369849 31.3654184))",,,,fuel,,,,,,,,,,,,,,,,,,,,,,,,,,,,,,,,,,,,,,,,,,,,,,,,"[11688149886, 11688149885, 11688149884, 11688149883, 11688149882, 11688149881, 11688149880, 11688149879, 11688149886]",roof,,,,,,,,,,,,,,,,,,,,,,,,,,nan,
way,1257187212,中国石化加油站（大长站）,,"POLYGON ((119.6384068 31.3637596, 119.638097 31.3639479, 119.636988 31.3649217, 119.6364731 31.3645438, 119.6362041 31.364806, 119.6373503 31.3657363, 119.6384204 31.3647878, 119.6384068 31.3637596))",,,,fuel,,,,,,,,,,,,,中国石化,,,,,,,,,,,,,,,,,,,,,,,,,,,,,,,,,,,"[11688149893, 11688149892, 11688149887, 11688149888, 11688149891, 11688149890, 11688149889, 11688149893]",,,,,,,,,,,,,,,,,,industrial,,oil,fuel,,,,,,nan,
way,1257187215,驾校,,"POLYGON ((119.6893637 31.3522222, 119.6901856 31.3521195, 119.6905674 31.3522696, 119.691373 31.3520573, 119.6909291 31.3507552, 119.6897712 31.351044, 119.6894668 31.3512319, 119.6889994 31.3513848, 119.6891161 31.3517134, 119.6891999 31.3519104, 119.6893637 31.3522222))",,,,driving_school,,,,,,,,,,,,,,,,,,,,,,,,,,,,,,,,,,,,,,,,,,,,,,,,"[11688149920, 11688149911, 11688149919, 11688149918, 11688149917, 11688149913, 11688149912, 11688149916, 11688149914, 11688149915, 11688149920]",,,,,,,,,,,,,,,,,,commercial,,,,,,,,,nan,
way,1259390853,黑龙江农垦太湖敬老院（北大荒敬老院）,,"POLYGON ((119.907053 31.2161001, 119.906314 31.2152743, 119.9068826 31.2149853, 119.9083364 31.2148201, 119.9087548 31.2140907, 119.9080789 31.2133979, 119.9073601 31.213641, 119.9069256 31.2132373, 119.9073386 31.2124849, 119.9084544 31.212283, 119.9085563 31.2126088, 119.9089533 31.212673, 119.9096721 31.2127051, 119.9095112 31.2138475, 119.9098974 31.2139301, 119.9100798 31.2148018, 119.9099243 31.2153569, 119.9100637 31.2157973, 119.907053 31.2161001))",无锡市,,,social_facility,,,,,,,,,,宜兴市,,江苏省,,,,,,,,,,,,,,,,,,,,,,,,,,,,,,,,nursing_home,senior,,,"[11708374160, 11708374159, 11708374158, 11708374157, 11708374156, 11708374155, 11708374154, 11708374153, 11708374152, 11708374151, 11708374150, 11708374149, 11708374148, 11708374147, 11708374146, 11708374145, 11708374144, 11708374143, 11708374160]",,,,,,,,,,,,,,,,,,,,,,,,,,,nan,
way,1259390880,福善寺,,"POLYGON ((120.0261296 31.426276, 120.0248194 31.4257862, 120.0244573 31.4252689, 120.0243728 31.4252666, 120.0242883 31.4251625, 120.0241998 31.4251259, 120.024177 31.4250492, 120.0242709 31.4249714, 120.0232007 31.4236336, 120.0229901 31.4235672, 120.022907 31.4235123, 120.0229271 31.4234133, 120.0224805 31.4229057, 120.0230035 31.4225429, 120.0267211 31.4256077, 120.0261296 31.426276))",,,,place_of_worship,,,,,,,,,,,,,,,,,,,buddhist,,,,,,,,,,,,,,,,,,,,,,,,,,,,,"[11708390684, 11708390683, 11708390682, 11708390681, 11708390680, 11708390679, 11708390678, 11708390677, 11708390676, 11708390675, 11708390674, 11708390673, 11708390672, 11708390671, 11708390670, 11708390684]",,,,,,,,,,,,,,,,,,,,,,,,,,,nan,
way,1263576664,加油站,,"POLYGON ((119.6129114 31.2374084, 119.6128703 31.2371588, 119.6131122 31.2371297, 119.6131533 31.2373793, 119.6129114 31.2374084))",,,,fuel,,,,,,,,,,,,,,,,,,,,,,,,,,,,,,,,,,,,,,,,,,,,,,,,"[11739721038, 11739721037, 11739721036, 11739721035, 11739721038]",roof,,,,,,,,,,,,,,,,,,,,,,,,,,nan,
way,1263576665,加油站,,"POLYGON ((119.6132493 31.239305, 119.6132083 31.2390554, 119.6134501 31.2390263, 119.6134912 31.2392759, 119.6132493 31.239305))",,,,fuel,,,,,,,,,,,,,,,,,,,,,,,,,,,,,,,,,,,,,,,,,,,,,,,,"[11739721042, 11739721041, 11739721040, 11739721039, 11739721042]",roof,,,,,,,,,,,,,,,,,,,,,,,,,,nan,
way,1279549708,,,"POLYGON ((119.9679479 31.3926032, 119.9678541 31.3925043, 119.9676426 31.392281, 119.967532 31.3921643, 119.9678881 31.3919184, 119.968304 31.3923574, 119.9679479 31.3926032))",,,,fuel,,,,,,,,,,,,,悦孚石化,,,,,,,,,,,,,,,,,,,,,,,,,,,,,,,,,,,"[11878139191, 11878139187, 11878139184, 11878139190, 11878139189, 11878139188, 11878139191]",,,,,,,,,,,,,,,,,,,,,,,,,,,nan,
way,1288957697,,,"POLYGON ((119.87119 31.2100104, 119.8712491 31.2100476, 119.8721566 31.2089933, 119.8720975 31.2089561, 119.87119 31.2100104))",,,,parking,,,,,,,,,,,,,,,,,,,,,,,,,,,,,,,,,,,,,,,,,,,,,,,,"[5279789699, 11952314569, 11952314568, 5279789951, 5279789699]",,,,,,,,,,,,,,,,,,,,,,,,,,,nan,
way,1288957698,,,"POLYGON ((119.8713302 31.2101099, 119.8713882 31.2101452, 119.8721538 31.209227, 119.8720959 31.2091916, 119.8713302 31.2101099))",,,,parking,,,,,,,,,,,,,,,,,,,,,,,,,,,,,,,,,,,,,,,,,,,,,,,,"[11952314572, 11952314571, 5279785965, 11952314570, 11952314572]",,,,,,,,,,,,,,,,,,,,,,,,,,,nan,
way,1288957699,,,"POLYGON ((119.871239 31.211116, 119.8714348 31.211186, 119.871482 31.2110893, 119.8712862 31.2110193, 119.871239 31.211116))",,,,parking,,,,,,,,,,,,,,,,,,,,,,,,,,,,,,,,,,,,,,,,,,,,,,,,"[11952314576, 11952314575, 11952314574, 11952314573, 11952314576]",,,,,,,,,,,,,,,,,,,,,,,,,,,nan,
way,1288957702,洑东中学,,"POLYGON ((119.8667117 31.2174197, 119.865907 31.2161752, 119.8666334 31.2158994, 119.8677581 31.2158611, 119.8678201 31.2174258, 119.8671081 31.2174219, 119.8667117 31.2174197))",,,,school,,,,,,,,,,,,,,,,,,,,,,,,,,,,,,,,,,,,,,,,,,,,,,,,"[11952314585, 11952314584, 11952314581, 11952314583, 11952314582, 12117971087, 11952314585]",,,,,,,,,,,,,,,,,,,,,,school,,,,,nan,
way,1290444823,中博石化,,"POLYGON ((119.892602 31.260644, 119.8925082 31.2604786, 119.8927338 31.2603851, 119.8928276 31.2605505, 119.892602 31.260644))",,,,fuel,,,,,,,,,,,,,,,,,,,,,,,,,,,,,,,,,,,,,,,,,,,,,,,,"[11964447043, 11964447042, 11964447041, 11964447040, 11964447043]",roof,,,,,,,,,,,,,,,,,,,,,,,,,,nan,
way,1292902145,福音堂,,"POLYGON ((119.7984382 31.2347326, 119.7984155 31.2342463, 119.79921 31.234337, 119.7992248 31.2344103, 119.7993965 31.2345588, 119.7994629 31.2348472, 119.7993026 31.2348524, 119.7993026 31.2348897, 119.7989601 31.2348591, 119.7984382 31.2347326))",,,,place_of_worship,,,,,,,,,,,,,,,,,,,christian,,,,,,,,,,,,,,,,,,,,,,,,,,,,,"[11985891898, 11985891894, 11985891890, 11985891889, 11985891893, 11985891892, 11985891891, 11985891896, 11985891895, 11985891898]",,,,,,,,,,,,,,,,,,,,,,,,,,,nan,
way,1292902146,佛教建筑,,"POLYGON ((119.8024166 31.1837565, 119.8025738 31.1837555, 119.8025755 31.1839254, 119.802456 31.1838523, 119.8024166 31.1837565))",,,,place_of_worship,,,,,,,,,,,,,,,,,,,buddhist,,,,,,,,,,,,,,,,,,,,,,,,,,,,,"[11985891902, 11985891901, 11985891900, 11985891899, 11985891902]",,,,,,,,,,,,,,,,,,,,,,,,,,,nan,
way,1292905008,保安寺,,"POLYGON ((119.8893684 31.4336862, 119.8893134 31.4336141, 119.888895 31.4329515, 119.8890894 31.4328233, 119.8895977 31.433328, 119.8896802 31.4334307, 119.8897014 31.4334502, 119.8897859 31.4335681, 119.8897131 31.4336061, 119.8893684 31.4336862))",,,,place_of_worship,,,,,,,,,,,,,,,,,,,buddhist,,,,,,,,,,,,,,,,,,,,,,,,,,,,,"[4391247641, 4391247639, 4391247619, 4391247617, 4391247625, 4391247631, 4391247632, 4391247636, 4391247638, 4391247641]",,,,,,,,,,,,,,,,,,,,,,,,,,,nan,
way,1292905009,永福堂,,"POLYGON ((119.8821594 31.4347955, 119.8818362 31.4344637, 119.8821661 31.4342462, 119.8824973 31.4345724, 119.8821594 31.4347955))",,,,place_of_worship,,,,,,,,,,,,,,,,,,,unitarian_universalist,,,,,,,,,,,,,,,,,,,,,,,,,,,,,"[11985918582, 11985918581, 11985918580, 11985918579, 11985918582]",,,,,,,,,,,,,,,,,,,,,,,,,,,nan,
way,1304428656,,,"POLYGON ((119.7315915 31.2893261, 119.7306085 31.2875246, 119.7298789 31.2858707, 119.7360382 31.2835571, 119.7377662 31.2870356, 119.7315915 31.2893261))",,,,prison,,,,,,,,,,,,,,,,,,,,,,,,,,,,,,,,,,,,,,,,,,,,,,,,"[12079966176, 12079966177, 12079966178, 12079966179, 12079966180, 12079966176]",,,,,,,,,,,,,,,,,,,,,,,,,,,nan,
way,1308307267,加油站,,"POLYGON ((119.8014587 31.2604464, 119.8011922 31.2603596, 119.8012838 31.260154, 119.8015503 31.2602408, 119.8014587 31.2604464))",,,,fuel,,,,,,,,,,,,,,,,,,,,,,,,,,,,,,,,,,,,1,,,,,,,,,,,,"[12115535318, 12115535317, 12115535316, 12115535315, 12115535318]",roof,,,,,,,,,,,,,,,,,,,,,,,,,,nan,
way,1308914525,停车场,,"POLYGON ((119.8145771 31.2695208, 119.814331 31.2694492, 119.8143437 31.2688514, 119.8149472 31.2689087, 119.8145771 31.2695208))",,,,parking,,,,,,,,,,,,,,,,,,,,,,,,,,,,,,,,,,,,,,,,,,,,,,,,"[12121198479, 12121198478, 12121198477, 12121198476, 12121198479]",,,,,,,,,,,,,,,,,,,,,,,,,,,nan,
way,1308914526,加油站,,"POLYGON ((119.8144867 31.2685382, 119.8142654 31.2685355, 119.8142692 31.2683017, 119.8144905 31.2683043, 119.8144867 31.2685382))",,,,fuel,,,,,,,,,,,,,,,,,,,,,,,,,,,,,,,,,,,,1,,,,,,,,,,,,"[12121198483, 12121198482, 12121198481, 12121198480, 12121198483]",roof,,,,,,,,,,,,,,,,,,,,,,,,,,nan,
way,1313174937,,,"POLYGON ((119.8017273 31.2882482, 119.8016207 31.2873808, 119.802179 31.2874111, 119.8021536 31.2882438, 119.8017273 31.2882482))",,,,parking,,,,,,,,,,,,,,,,,,,,,,,,,,,,,,,,,,,,,,,,,,,,,,,,"[12154911825, 12154911826, 12154911827, 12154911828, 12154911825]",,,,,,,,,,,,,,,,,,,,,,,,,,,nan,
way,1318394402,,,"POLYGON ((119.6680044 31.2989274, 119.6681912 31.2985683, 119.6680932 31.298265, 119.6680324 31.2978899, 119.6681492 31.2976904, 119.668294 31.2975028, 119.6685975 31.297447, 119.6688357 31.2974589, 119.6692513 31.2975906, 119.669723 31.2978061, 119.6700265 31.2981094, 119.6700826 31.2985084, 119.6700686 31.2987837, 119.6699705 31.2990232, 119.6698724 31.2991708, 119.6691719 31.2989713, 119.6680044 31.2989274))",,,,parking,,,,,,,,,,,,,,,,,,,,,,,,,,,,,,,,,,,,,,,,,,,,,,,,"[12201592835, 12201592836, 12201592837, 12201592838, 12201592839, 12201592840, 12201592841, 12201592842, 12201592843, 12201592844, 12201592845, 12201592846, 12201592847, 12201592848, 12201592849, 12201592850, 12201592835]",,,,,,,,,,,,,,,,,,,,,,,,,,,nan,
way,1318832163,,,"POLYGON ((119.8744122 31.3241223, 119.8737798 31.322837, 119.8760699 31.3221747, 119.8766412 31.3233947, 119.8744122 31.3241223))",,,,school,,,,,,,,,,,,,,,,,,,,,,,,,,,,,,,,,,,,,,,,,,,,,,,,"[12205409996, 12205409997, 12205409998, 12205409999, 12205409996]",,,,,,,,,,,,,,,,,,,,,,,,,,,nan,
way,1320020376,大觉寺,,"POLYGON ((119.5797176 31.2365579, 119.5800343 31.2362588, 119.5801359 31.2341466, 119.5799857 31.2334769, 119.5799053 31.2325458, 119.5801493 31.2323256, 119.5804283 31.2322063, 119.5812008 31.2322155, 119.5814424 31.2323668, 119.581756 31.2328691, 119.5816326 31.233587, 119.5813054 31.2343828, 119.5811512 31.2363299, 119.5813617 31.236534, 119.5855164 31.2372289, 119.5852536 31.2380247, 119.5813885 31.2372954, 119.5813471 31.2380682, 119.5793521 31.2377656, 119.579657 31.2369879, 119.5797176 31.2365579))",,,,place_of_worship,,,,,,,,,,,,,,,,,,,buddhist,,,,,,,,,,,,,,,,,,,,,,,,,,,,,"[12215477783, 12215477782, 12215477771, 12215477770, 12215477769, 12215477774, 12215477773, 12215477772, 12215477781, 12215477767, 12215477766, 12215477768, 12215477775, 12215477764, 12215477776, 12215477777, 12215477765, 12215477780, 12215477779, 12215477778, 12215477783]",,,,,,,,,,,,,,,,,,,,,,,,,,,nan,
way,1320432813,停车场,,"POLYGON ((119.8437461 31.2688399, 119.8446527 31.2685625, 119.8457149 31.2683665, 119.8456411 31.2680696, 119.8455311 31.268088, 119.8455137 31.2680318, 119.844536 31.2682186, 119.8437595 31.2684479, 119.8436335 31.2685751, 119.8437461 31.2688399))",,,,parking,,,,,,,,,,,,,,,,,,,,,,,,,,,,,,,,,,,,,,,,,,,,,,,,"[12219113768, 12219113761, 12219113767, 12219113766, 12219113765, 12219113764, 12219113760, 12219113763, 12219113762, 12219113768]",,,,,,,,,,,,,,,,,,,,,,,,,,,nan,
way,1352864094,,,"POLYGON ((119.8921216 31.2025665, 119.8918877 31.2024083, 119.8920878 31.2021919, 119.8923216 31.2023501, 119.8921216 31.2025665))",,,,fuel,,,,,,,,,,,,,,,,,,,,,,,,,,,,,,,,,,,,,,,,,,,,,,,,"[12517871432, 12517871431, 12517871430, 12517871429, 12517871432]",roof,,,,,,,,,,,,,,,,,,,,,,,,,,nan,
way,1365749962,,,"POLYGON ((119.8559389 31.3068378, 119.8561493 31.3067119, 119.8559198 31.3064321, 119.8557095 31.306558, 119.8559389 31.3068378))",,,,fuel,,,,,,,,,,,,,中国石化,,,,,,,,,,,,,,,,,,,,,,,,,,,,,,,,,,,"[12647690891, 12647690890, 12647690889, 12647690888, 12647690891]",roof,,,,,,,,,,,,,,,,,,,,,,,,,,nan,
way,1365749963,,,"POLYGON ((119.8756518 31.2087909, 119.875656 31.2087453, 119.8756894 31.2087475, 119.875734 31.2087505, 119.8757298 31.2087961, 119.8756518 31.2087909))",,,,toilets,,,,,,,,,,,,,,,,,,,,,,,,,,,,,,,,,,,,,,,,,,,,,,,,"[12647690895, 12647690894, 13313226109, 12647690893, 12647690892, 12647690895]",yes,,,,,,,,,,,,,,,,,,,,,,,,,,nan,
way,1374633820,江苏省宜兴强制隔离戒毒所,,"POLYGON ((119.8714534 31.219929, 119.871645 31.2198309, 119.8721692 31.2196314, 119.872159 31.2194651, 119.8729573 31.2195395, 119.8733206 31.2195351, 119.8739296 31.2220208, 119.8739244 31.2221652, 119.8699381 31.2221739, 119.8700046 31.2213687, 119.8701018 31.2212987, 119.8706545 31.2212637, 119.8706238 31.2206642, 119.8705726 31.220069, 119.8705675 31.2193907, 119.8709769 31.2194126, 119.8711969 31.219452, 119.8713374 31.2198926, 119.8714534 31.219929))",,,,prison,,,,,,,,,,,,,,,,,,,,,,,,,,,,,,,,,,,,,,,,,,,,,,,,"[12728217511, 12728217512, 12728217513, 12728217514, 12728217515, 12728217516, 12728217517, 12728217518, 12728217519, 12728217520, 12728217521, 12728217522, 12728217523, 12728217524, 12728217525, 12728217526, 12728217527, 12728217528, 12728217511]",,,,,,,,,,,,,,,,,,,,,,,,,,,nan,
way,1378032687,,,"POLYGON ((119.803874 31.351447, 119.8042238 31.3512748, 119.8041984 31.3512292, 119.8038286 31.3513888, 119.803874 31.351447))",,,,parking,,,,,,,,,,,,,,,,,,,,,,,,,,,,,,,,,7,,customers,,street_side,,,,,,,,,,,"[12759577173, 12759577174, 12759577175, 12759577176, 12759577173]",,,,,,,,,,,,,,,no,paved,,,,,,,,,,,nan,
way,1378032688,,,"POLYGON ((119.8034308 31.3517245, 119.8037866 31.3515093, 119.8037437 31.3514396, 119.8033685 31.3516441, 119.8034308 31.3517245))",,,,parking,11,,,,,,,,,,,,,,,,,,,,,,,,,,,,,,,,11,,yes,,on_kerb,,,,,,,,,,,"[12759577177, 12759577178, 12759577179, 12759577180, 12759577177]",,,,,,,,,,,,,,,no,paved,,,,,,,,,,,nan,
way,1378032689,,,"POLYGON ((119.8030396 31.3516512, 119.8032764 31.3517553, 119.8033346 31.3516826, 119.8030819 31.3515773, 119.8030396 31.3516512))",,,,parking,9,,,,,,,,,,,,,,,,,,,,,,,,,,,,,,,,9,,yes,,on_kerb,,,,,,,,,,,"[12759577181, 12759577182, 12759577183, 12759577184, 12759577181]",,,,,,,,,,,,,,,no,paved,,,,,,,,,,,nan,
way,1378032690,,,"POLYGON ((119.803005 31.3515235, 119.8030653 31.3515158, 119.8030424 31.3514266, 119.8029822 31.3514348, 119.803005 31.3515235))",,,,parking,4,,,,,,,,,,,,,,,,,,,,,,,,,,,,,,,,4,,yes,,on_kerb,,,,,,,,,,,"[12759577185, 12759577186, 12759577187, 12759577188, 12759577185]",,,,,,,,,,,,,,,no,unpaved,,,,,,,,,,,nan,
way,1378032691,,,"POLYGON ((119.8028635 31.3509254, 119.8029362 31.3509164, 119.8028657 31.3504469, 119.8027909 31.3504595, 119.8028635 31.3509254))",,,,parking,21,,,,,,,,,,,,,,,,,,,,,,,,,,,,,,,,21,,yes,,surface,,,,,,,,,,,"[12759577189, 12759577190, 12759577191, 12759577192, 12759577189]",,,,,,,,,,,,,,,no,paved,,,,,,,,,,,nan,
way,1378032692,,,"POLYGON ((119.8029508 31.3513, 119.8030048 31.351293, 119.8029508 31.3509691, 119.8028981 31.3509771, 119.8029508 31.3513))",,,,parking,12,,,,,,,,,,,,,,,,,,,,,,,,,,,,,,,,12,,yes,,,,,,,,,,,,,"[12759577193, 12759577194, 12759577195, 12759577196, 12759577193]",,,,,,,,,,,,,,,no,paved,,,,,,,,,,,nan,
way,1378047903,,,"POLYGON ((119.8040359 31.344501, 119.8048607 31.3440838, 119.8048466 31.3440505, 119.8040125 31.344471, 119.8040359 31.344501))",,,,parking,,,,,,,,,,,,,,,,,,,,,,,,,,,,,,,,,16,,yes,,street_side,,,,,,,,,,,"[12759654741, 12759654742, 12759654743, 12759654744, 12759654741]",,,,,,,,,,,,,,,no,asphalt,,,,,,,,,,,nan,
way,1378047904,,,"POLYGON ((119.8049357 31.3441399, 119.8053104 31.3439534, 119.8055709 31.3452622, 119.8045241 31.3453741, 119.8045257 31.3453382, 119.8051508 31.3452765, 119.8052987 31.3451631, 119.8054365 31.3450182, 119.8052567 31.3440911, 119.805218 31.3440667, 119.8051552 31.3440946, 119.8049525 31.3441844, 119.8049357 31.3441399))",,,,parking,60,,,,,,,,,,,,,,,,,,,,,,,,,,,,,,,,60,,,,,,,,,,,,,,,"[12759654745, 12759654746, 12759654747, 12759654748, 12759654749, 12759654750, 12759654751, 12759654752, 12759654753, 12759654754, 4412689745, 12759654755, 12759654745]",,,,,,,,,,,,,,,yes,concrete,,,,,,,,yes,yes,,nan,
way,1378047905,,,"POLYGON ((119.7997801 31.3435365, 119.7999164 31.3434463, 119.8006199 31.3443986, 119.8004865 31.3444713, 119.7997801 31.3435365))",,,,parking,500,,,,,,,,,,,,,,,,,,,,,,,,,,,,,,,,,,,-1,underground,,,,,,,,,,,"[12759654759, 12759654760, 12759654761, 12759654762, 12759654759]",,,,,,,,,,,,,,,,,,,,,,,,,,,nan,
way,1378047910,,,"POLYGON ((119.8047783 31.3517833, 119.8055299 31.3514366, 119.8053277 31.3511857, 119.8046124 31.3515118, 119.8046038 31.351559, 119.8046383 31.3516077, 119.8046712 31.3516446, 119.8046884 31.3516727, 119.8047143 31.3517096, 119.8047299 31.3517258, 119.8047783 31.3517833))",,,,parking,100,,,,,,,,,,,,,,,,,,,,,,,,,,,,,,,,100,,customers,,,,,,,,,,,,,"[12759654780, 12759654781, 12759654782, 12759654783, 12759654784, 12759654785, 12759654786, 12759654787, 12759654788, 12759654789, 12759654780]",,,,,,,,,,,,,,,,,,,,,,,,,,,nan,
way,1378047911,,,"POLYGON ((119.8053813 31.3516299, 119.8055903 31.3515295, 119.8055541 31.3514749, 119.805288 31.3516033, 119.8053104 31.3516225, 119.8053346 31.3516284, 119.8053813 31.3516299))",,,,parking,,,,,,,,,,,,,,,,,,,,,,,,,,,,,,,,,,,customers,,,,,,,,,,,,,"[12759654790, 12759654791, 12759654792, 12759654793, 12759654794, 12759654795, 12759654790]",,,,,,,,,,,,,,,,,,,,,,,,,,,nan,
way,1378047923,,,"POLYGON ((119.8039191 31.3504305, 119.804173 31.3503463, 119.8041474 31.3502899, 119.8038935 31.350374, 119.8039191 31.3504305))",,,,parking,,,,,,,,,,,,,,,,,,,,,,,,,,,,,,,,,,,yes,,surface,,,,,,,,,,,"[12759687660, 12759687661, 12759687662, 12759687663, 12759687660]",,,,,,,,,,,,,,,,paved,,,,,,,,,,,nan,
way,1378051180,,,"POLYGON ((119.8033232 31.3388689, 119.8038791 31.338786, 119.8038826 31.338578, 119.8038191 31.3383097, 119.803685 31.3382916, 119.8036003 31.3382238, 119.8032473 31.3382735, 119.8033232 31.3388689))",,,,parking,100,,,,,,,,,,,,,,,,,,,,,,,,,,,,,,,,100,,yes,,surface,,,,,,,,,,,"[12759708414, 12759708415, 12759708416, 12759708417, 12759708418, 12759708419, 12759708420, 12759708414]",,,,,,,,,,,,,,,yes,,,,,,,,,,,,nan,
way,1378285116,中国建设银行,,"POLYGON ((119.8021644 31.3522094, 119.8022073 31.3522011, 119.8022463 31.3521828, 119.8022775 31.3521578, 119.8023009 31.3521345, 119.8023282 31.3521012, 119.8023379 31.3520512, 119.8023379 31.3520013, 119.8023379 31.3519746, 119.8022151 31.3520046, 119.8022268 31.3520579, 119.8022151 31.3520929, 119.8021819 31.3521045, 119.802143 31.3521262, 119.8021644 31.3522094))",,,,bank,,,,,,,,,,,,,中国建设银行,China Construction Bank,Q26299,China Construction Bank,,,,,中国建设银行,中国建设银行,,,,,,,,,,,,,,,,,,,,,,,,,,"[12761933759, 12761933760, 12761933761, 12761933762, 12761933763, 12761933764, 12761933765, 12761933766, 12761933767, 12761933768, 12761933769, 12761933770, 12761933771, 12761933772, 12761933759]",yes,,,,,,,,,,,,,,,,,,,,,,,,,,nan,
way,1378285122,,,"POLYGON ((119.8035767 31.3509123, 119.8036454 31.3508859, 119.8036202 31.3508292, 119.8040382 31.3506727, 119.8040141 31.3506219, 119.8035389 31.3507989, 119.8035767 31.3509123))",,,,parking,,,,,,,,,,,,,,,,,,,,,,,,,,,,,,,,,,,private,,,,,,,,,,,,,"[12761933794, 12761933795, 12761933796, 12761933797, 12761933798, 12761933799, 12761933794]",,,,,,,,,,,,,,,,,,,,,,,,,,,nan,
way,1378285123,,,"POLYGON ((119.8039364 31.3510602, 119.8044971 31.3508458, 119.8044653 31.3507908, 119.8038971 31.3510045, 119.8039364 31.3510602))",,,,parking,,,,,,,,,,,,,,,,,,,,,,,,,,,,,,,,,,,private,,,,,,,,,,,,,"[12761933800, 12761938401, 12761938402, 12761938403, 12761933800]",,,,,,,,,,,,,,,,,,,,,,,,,,,nan,
way,1378285138,Yixing People's Hospital Orthopedics,,"POLYGON ((119.7985368 31.3526614, 119.798387 31.3516249, 119.798983 31.3515582, 119.7992076 31.3518807, 119.7992201 31.3519553, 119.7996632 31.3522777, 119.7997225 31.3525735, 119.7985368 31.3526614))",,,,hospital,,,,,,,,,hospital,,,,,,,,,,,,,,,,,,,,,,,,,,,,,,,,,,,,,,,"[12761938487, 12761938488, 12761938489, 12761938490, 12761938491, 12761938492, 12761938493, 12761938487]",,,,,,,,,,,,,,,,,,,,,,,,,,,nan,
way,1378285139,,,"POLYGON ((119.7981206 31.352824, 119.7995452 31.3527031, 119.7995418 31.3526397, 119.7981054 31.352765, 119.7981206 31.352824))",,,,parking,,,,,,,,,,,,,,,,,,,,,,,,,,,,,,,,,,,,,,,,,,,,,,,,"[12761938495, 12761938496, 12761938497, 12761938498, 12761938495]",,,,,,,,,,,,,,,,,,,,,,,,,,,nan,
way,1378285141,,,"POLYGON ((119.7990263 31.3523743, 119.7989959 31.3521323, 119.7984467 31.3521841, 119.7984821 31.3524392, 119.7990263 31.3523743))",,,,parking,,,,,,,,,,,,,,,,,,,,,,,,,,,,,,,,,,,,,,,,,,,,,,,,"[12761938522, 12761938523, 12761938524, 12761938525, 12761938522]",,,,,,,,,,,,,,,,,,,,,,,,,,,nan,
way,1378285142,New Campus of Yixing People's Hospital,,"POLYGON ((119.7908696 31.3379449, 119.7950413 31.3379557, 119.7951536 31.337903, 119.7951146 31.3349014, 119.7950351 31.3348183, 119.7906866 31.3348145, 119.7905495 31.3349453, 119.7905255 31.3371808, 119.7906357 31.3377596, 119.7908696 31.3379449))",,,,hospital,,,,,,,,,hospital,,,,,,,,,,,,,,,,,,,,,,,,,,,,,,,,,,,,,,,"[12761938526, 12949736382, 12761938527, 12761938528, 12949736379, 12949736380, 12761938529, 12949736381, 12949736383, 12761938526]",,,,,,,,,,,,,,,,,,,,,,,,,,,nan,
way,1382047730,停车场,,"POLYGON ((119.6279291 31.2372116, 119.6276428 31.2367591, 119.6291514 31.2360613, 119.6293018 31.2362991, 119.6288104 31.2365264, 119.6289462 31.2367411, 119.6279291 31.2372116))",,,,parking,,,,,,,,,,,,,,,,,,,,,,,,,,,,,,,,,,,,,,,,,,,,,,,,"[12795239129, 12795239128, 12795239127, 12795239126, 12795239125, 12795239124, 12795239129]",,,,,,,,,,,,,,,,,,,,,,,,,,,nan,
way,1386018645,南岳禅寺,,"POLYGON ((119.7540531 31.3289968, 119.7547236 31.3288776, 119.7550682 31.3282269, 119.7554559 31.3277985, 119.7550441 31.3263963, 119.7548443 31.3264032, 119.7547705 31.3268408, 119.7539672 31.3275762, 119.7540531 31.3289968))",,,,place_of_worship,,,,,,,,,,,,,,,,,,,buddhist,,,,,,,,,,,,,,,,,,,,,,,,,,,,,"[5281597683, 5281594182, 5281595068, 5281595317, 5281597814, 5281597984, 5281594466, 5281598185, 5281597683]",,,,,,,,,,,,,,,,,,,,,,,,,,,nan,
way,1390030792,,,"POLYGON ((119.8040022 31.3447193, 119.8040507 31.3446941, 119.8040005 31.3446197, 119.8039503 31.3446473, 119.8040022 31.3447193))",,,,parking,3,,,,,,,,,,,,,,,,,,,,,,,,,,,,,,,,,,private,,,,,,,,,,,,,"[12866486566, 12866486567, 12866486568, 12866486569, 12866486566]",,,,,,,,,,,,,,,,asphalt,,,,,,,,,,,nan,
way,1412688218,新芳石化加油站,,"POLYGON ((119.6253683 31.5233782, 119.6258602 31.5232228, 119.6257612 31.5229181, 119.6252108 31.5229619, 119.6253683 31.5233782))",,,,fuel,,,,,,,,,,,,,,,,,,,,,,,,,,,,,,,,,,,,,,,,,,,,,,,,"[12981997102, 12981997103, 12981997104, 12981997105, 12981997102]",,,,,,,,,,,,,,,,,,,,,,,,,,,nan,
way,1412700032,宜兴太华朝阳寺,,"POLYGON ((119.5519891 31.1546168, 119.552246 31.1545546, 119.5522182 31.1544706, 119.5528821 31.1541102, 119.5528901 31.153992, 119.552807 31.1539151, 119.5520117 31.1539162, 119.5515117 31.1540375, 119.5516972 31.1545978, 119.5519616 31.1545337, 119.5519891 31.1546168))",,,,place_of_worship,,,,,,,,,,,,,,,,,,,buddhist,,,,,,,,,,,,,,,,,,,,,,,,,,,,,"[12982290559, 12982290560, 12982290561, 12982290562, 12982290563, 12982290564, 12982290565, 12982290566, 12982290567, 12982290568, 12982290559]",yes,,,,,,,,,,,,,,,,,,,,,,,,,,nan,
way,1442211632,南新小学,,"POLYGON ((119.8451776 31.4899767, 119.8457584 31.4900338, 119.8461034 31.4901358, 119.8462337 31.4901929, 119.8465857 31.490412, 119.8458464 31.4913665, 119.8457549 31.4913815, 119.8452832 31.4913425, 119.8446883 31.4912735, 119.8445863 31.4912765, 119.8451776 31.4899767))",,,,school,,,,,,,,,,,,,,,,,,,,,,,,,,,,,,,,,,,,,,,,,,,,,,,,"[13233430884, 13233430885, 13233430886, 13233430887, 13233430888, 13233430889, 13233430890, 13233430891, 13233430892, 13233430893, 13233430884]",,,,,,,,,,,,,,,,,,,,,,school,,,,,nan,
way,1444230421,,,"POLYGON ((119.8038485 31.3445562, 119.803876 31.3445428, 119.8037909 31.3443583, 119.803753 31.3443773, 119.8038485 31.3445562))",,,,parking,,,,,,,,,,,,,,,,,,,,,,,,,,,,,,,,,,,yes,,,,,,,,,,,,,"[13251943062, 13251943063, 13251943064, 13251943065, 13251943062]",,,,,,,,,,,,,,,no,,,,,,,,,,,,nan,
way,1444230426,宜兴实验中学,,"POLYGON ((119.8084786 31.3421248, 119.8084308 31.3423428, 119.8089015 31.3423497, 119.8088695 31.3425745, 119.807274 31.3431059, 119.8082313 31.3445504, 119.8090929 31.3458108, 119.8100502 31.3454429, 119.8100263 31.3452044, 119.8099745 31.3448664, 119.8101672 31.3433361, 119.810221 31.3429091, 119.8102098 31.3427585, 119.8094918 31.3426358, 119.8092126 31.3426494, 119.8092046 31.342302, 119.8089298 31.3422349, 119.8085569 31.3421439, 119.8084786 31.3421248))",,,,school,,,,,,,,,,,,,,,,,,,,,,,,,,,,,,,,,,,,,,,,,,,,,,,,"[13251943085, 13251943086, 13251943087, 13251943088, 13251943089, 13251943090, 13251943091, 13251943092, 13251943093, 13251943094, 13251943162, 13251943095, 13251943096, 13251943097, 13251943098, 13251943099, 13251943109, 13251943110, 13251943085]",,,,,,,,,,,,,,,,,,,,,,,,,,,nan,
way,1444230428,,,"POLYGON ((119.8084914 31.3423107, 119.8089333 31.342379, 119.8089298 31.3422349, 119.8085569 31.3421439, 119.8084914 31.3423107))",,,,parking,,,,,,,,,,,,,,,,,,,,,,,,,,,,,,,,,,,yes,,,,,,,,,,,,,"[13251943107, 13251943108, 13251943109, 13251943110, 13251943107]",,,,,,,,,,,,,,,,,,,,,,,,,,,nan,
way,1444230447,宜兴市公安局,,"POLYGON ((119.8126981 31.3477832, 119.8138658 31.3479079, 119.8139978 31.3469404, 119.8140256 31.3467979, 119.8141646 31.3458007, 119.8142807 31.3457363, 119.8142801 31.3456353, 119.8142792 31.3454828, 119.8139218 31.3454615, 119.8140567 31.3446238, 119.8142575 31.3444591, 119.8139144 31.3443108, 119.813136 31.3440853, 119.8130457 31.3441446, 119.8128997 31.3449875, 119.8127746 31.3464002, 119.8126981 31.3477832))",,,,police,,,,,,,,,,,,,,,,,,,,,,,,,,,,,,,,,,,,,,,,,,,,,,,,"[13251943251, 13251943252, 13251943253, 13251943254, 13251943255, 13299452866, 13299452868, 13251943256, 13299452865, 13251943257, 13299452867, 13251943258, 13251943259, 13251943260, 13251943261, 13251943262, 13251943251]",,,,,,,,,,,,,,,,,,,,,,,,,,,nan,
way,1450010596,宜城派出所,,"POLYGON ((119.8142801 31.3456353, 119.8142792 31.3454828, 119.8139218 31.3454615, 119.8140567 31.3446238, 119.8142575 31.3444591, 119.8146729 31.344684, 119.8145754 31.3456423, 119.8142801 31.3456353))",,,,police,,,,,,,,,,,,,,,,,,,,,,,,,,,,,,,,,,,,,,,,,,,,,,,,"[13299452868, 13251943256, 13299452865, 13251943257, 13299452867, 13299452869, 13299452870, 13299452868]",,,,,,,,,,,,,,,,,,,,,,,,,,,nan,
way,1451590691,观音殿,,"POLYGON ((119.8732446 31.20782, 119.8734438 31.2077701, 119.8734799 31.2078753, 119.8732807 31.2079253, 119.8732446 31.20782))",,,,place_of_worship,,,,,,,,,,,,,,,,,,,buddhist,,,,,,,,,,,,,,,,,,,,,,,,,,,,,"[13313228208, 13313228209, 13313228210, 13313228211, 13313228208]",yes,,,,,,,,,,,,,,,,,,,,,,,,,,nan,
way,1451590692,三圣殿,,"POLYGON ((119.8734188 31.2083514, 119.8736237 31.2082962, 119.8735851 31.2081912, 119.8733801 31.2082463, 119.8734188 31.2083514))",,,,place_of_worship,,,,,,,,,,,,,,,,,,,buddhist,,,,,,,,,,,,,,,,,,,,,,,,,,,,,"[13313228212, 13313228213, 13313228214, 13313228215, 13313228212]",yes,,,,,,,,,,,,,,,,,,,,,,,,,,nan,
way,1451590693,伽蓝殿(客堂),,"POLYGON ((119.8736076 31.2081902, 119.8737129 31.2081603, 119.8737501 31.2082563, 119.8736448 31.2082862, 119.8736076 31.2081902))",,,,place_of_worship,,,,,,,,,,,,,,,,,,,buddhist,,,,,,,,,,,,,,,,,,,,,,,,,,,,,"[13313228216, 13313228217, 13313228218, 13313228219, 13313228216]",yes,,,,,,,,,,,,,,,,,,,,,,,,,,nan,
way,1451590694,,,"POLYGON ((119.8737119 31.2081171, 119.8738097 31.2080923, 119.8737285 31.2078578, 119.8736307 31.2078826, 119.8737119 31.2081171))",,,,place_of_worship,,,,,,,,,,,,,,,,,,,buddhist,,,,,,,,,,,,,,,,,,,,,,,,,,,,,"[13313228220, 13313228221, 13313228222, 13313228223, 13313228220]",yes,,,,,,,,,,,,,,,,,,,,,,,,,,nan,
way,1451590695,,,"POLYGON ((119.8737678 31.208252, 119.87407 31.2081693, 119.8740334 31.2080715, 119.8737313 31.2081542, 119.8737678 31.208252))",,,,place_of_worship,,,,,,,,,,,,,,,,,,,buddhist,,,,,,,,,,,,,,,,,,,,,,,,,,,,,"[13313228224, 13313228225, 13313228226, 13313228227, 13313228224]",yes,,,,,,,,,,,,,,,,,,,,,,,,,,nan,
way,1451590696,,,"POLYGON ((119.8736611 31.2077324, 119.873688 31.2078283, 119.8735058 31.2078657, 119.8734789 31.2077698, 119.8736611 31.2077324))",,,,place_of_worship,,,,,,,,,,,,,,,,,,,buddhist,,,,,,,,,,,,,,,,,,,,,,,,,,,,,"[13313228229, 13313228230, 13313228231, 13313228232, 13313228229]",yes,,,,,,,,,,,,,,,,,,,,,,,,,,nan,
way,1451591246,,,"POLYGON ((119.8728576 31.2083939, 119.8729673 31.2087744, 119.8728392 31.2088013, 119.8727296 31.2084208, 119.8728576 31.2083939))",,,,parking,,,,,,,,,,,,,,,,,,,,,,,,,,,,,,,,,,,,,,,,,,,,,,,,"[13313229721, 13313229722, 13313229723, 13313229724, 13313229721]",,,,,,,,,,,,,,,,,,,,,,,,,,,nan,
way,1452031428,九峰古迹寺,,"POLYGON ((119.6375147 31.1628796, 119.6380295 31.1625468, 119.6377992 31.1622859, 119.6372843 31.1626187, 119.6375147 31.1628796))",,,,place_of_worship,,,,,,,,,,,,,,,,,,,buddhist,,,,,,,,,,,,,,,,,,,,,,,,,,,,,"[13316982228, 13316982227, 13316982226, 13316982225, 13316982228]",,,,,,,,,,,,,,,,,,,,,,,,,,,nan,
way,1452896270,,,"POLYGON ((119.8029814 31.350281, 119.8033714 31.3501529, 119.8031014 31.3494527, 119.8028515 31.349521, 119.8029814 31.350281))",,,,parking,,,,,,,,,,,,,,,,,,,,,,,,,,,,,,,,,,,,,,,,,,,,,,,,"[13324391037, 13324391038, 13324391039, 13324391040, 13324391037]",,,,,,,,,,,,,,,no,,,,,,,,,,,,nan,
way,1454564531,白云寺,,"POLYGON ((119.6352916 31.1456128, 119.6351741 31.1454659, 119.6353431 31.1453668, 119.6354607 31.1455137, 119.6352916 31.1456128))",,,,place_of_worship,,,,,,,,,,,,,,,,,,,buddhist,,,,,,,,,,,,,,,,,,,,,,,,,,,,,"[13339615564, 13339615563, 13339615562, 13339615561, 13339615564]",,,,,,,,,,,,,,,,,,,,,,,,,,,nan,
